,Content ID,User ID,Content Type,Category
0,97522e57-d9ab-4bd6-97bf-c24d952602d2,8d3cd87d-8a31-4935-9a4f-b319bfe05f31,photo,Studying
1,9f737e0a-3cdd-4d29-9d24-753f4e3be810,beb1f34e-7870-46d6-9fc7-2e12eb83ce43,photo,healthy eating
2,230c4e4d-70c3-461d-b42c-ec09396efb3f,a5c65404-5894-4b87-82f2-d787cbee86b4,photo,healthy eating
3,356fff80-da4d-4785-9f43-bc1261031dc6,9fb4ce88-fac1-406c-8544-1a899cee7aaf,photo,technology
4,01ab84dd-6364-4236-abbb-3f237db77180,e206e31b-5f85-4964-b6ea-d7ee5324def1,video,food
5,cf1e8c1a-23eb-4426-9f58-002fb1b53e91,4607d7b0-3313-49b8-9f73-5b8227fc5b67,GIF,cooking
6,3f8590c7-6ab2-4973-805a-90cdec355f05,ae600af5-c1f0-4b1f-adb0-1b4c246373e4,video,dogs
7,e5490118-90d5-4572-ab1c-1fbc87b8d9ca,583f2bde-886d-4cf3-a5c4-7cb60cd25df3,video,technology
8,0bedca96-fb76-4287-a83c-17330ed39cce,2bd9c167-e06c-47c1-a978-3403d6724606,photo,soccer
9,b18cb63f-4c8e-44ee-a47f-541e95191d11,13f0db8a-152a-496f-a6e8-1ed6a90b8788,photo,public speaking
10,5118e9c5-1377-4cc5-a486-65b35b7b7b76,ef56931b-540b-4166-9090-73ae48ac8d97,GIF,science
11,46fb701d-6c26-458e-ada3-2ebe5dbba01f,4fe1900d-5e78-41a3-88ed-18e6889c6c77,audio,public speaking
12,0be59876-d70c-486c-8e0b-a06bef7a2cd6,72d2587e-8fae-4626-a73d-352e6465ba0f,GIF,tennis
13,81abd65a-3b76-4574-a0a7-db6bf7184ae2,4793cc6d-be60-42cc-bfd4-7ce8fd4d0eab,video,food
14,e6ee2244-9382-49a9-8cbf-fa54aaaa2392,740a4abd-187d-4783-990b-161c52fb5f86,audio,travel
15,7ffd0a82-4a0a-4527-a4d6-e251b756bac7,425b7021-0409-4358-af39-2bff14197d0a,GIF,fitness
16,f332d362-dc48-46c2-a64b-641157c0987e,05782669-264e-4c14-990e-14c8dbb13bef,GIF,soccer
17,a2e93b29-9259-4092-a4d7-62d5e823bb74,d0ea9a00-4ea9-4c81-b16a-a20b72f824ea,video,public speaking
18,9b3a6d30-48e8-476c-82be-9031524bd04d,3d13e0d3-e765-4065-9221-3f864689b9e0,video,food
19,850fe90d-47d6-4eb7-b9c8-810afcb99ce9,a90c3ed2-7c64-47c3-9da5-b10d05f6f9f2,video,tennis
20,baa2db00-81ba-4c34-b17d-dd950bfa133b,2f112802-2501-45b5-a9d9-470cda6ef23e,GIF,soccer
21,f98dde71-ce1d-4f6c-bb05-ae05779d2207,11f207c2-0113-47e5-aa9a-df2c7b91ac75,GIF,soccer
22,388bd9db-9d10-4f47-87c4-6db46e83bc95,76cb4dbe-7748-49ab-8179-6e3f3b840dd6,video,education
23,78d0075f-895c-4a15-a35c-a921e2bb2cea,34fcadd6-fa9b-4404-981a-c70c86cde556,photo,studying
24,bda0b065-7f8b-4d52-b7e9-fcc375cdab08,7719b807-bf22-4b36-8f69-44d9a87d239b,photo,travel
25,a4067fb5-3ba8-4f97-87c2-ddad5e4029c2,e2377b94-f06a-49ed-a266-377c4b07e980,GIF,food
26,809b41e3-7a6f-4d80-84bf-f8d7b0e2d0e1,10f311c3-f547-4260-8c0e-a155008b7936,audio,dogs
27,34a3747a-0b77-42f6-ae19-87c38b94b674,5b62e10e-3c19-4d28-a57c-e9bdc3d6758d,GIF,science
28,2920dccb-e06f-49fc-8049-b6d4164dfe84,f8926cfa-7036-4929-b5db-925c26daea1a,GIF,veganism
29,f4e3840e-bb71-40c2-afc5-9408d842646d,d9aab962-e964-4afd-83ee-abda0865da67,photo,healthy eating
30,a2ff9bf2-1fa6-4001-9566-f597f8e754ef,f0ef81ec-85b1-4475-ae60-aa7d373088aa,video,food
31,74718bbf-e5a3-442f-8ca2-4a3428757fc1,e2377b94-f06a-49ed-a266-377c4b07e980,video,dogs
32,89fd8f89-807f-4076-b7e7-84db361e11c1,0c347562-ce55-450b-91ab-0707662b36f5,audio,studying
33,02fa1c4f-722d-46d2-a85e-e5b136b5f3bc,568e7c6f-b1e9-4a85-897c-aaaaa0ce8832,video,cooking
34,eec5e521-4c28-4e8a-93a9-d544803fad7e,cad2d54d-9555-4dfe-bfcd-7a584895a002,audio,food
35,07f88a73-aef2-45fd-8b5d-418e448b853d,18c56602-937e-4ff3-bc6c-43f0b14212ca,GIF,Animals
36,49367a0f-1fd5-4417-a7c9-4a154e1ae0ad,3eb6dad3-c017-4e77-8920-fbdea84b0acc,photo,technology
37,457301ee-3e87-40d8-8b82-ea4e1fa90e39,bec3a622-1373-49c2-9d57-e0281c34f5cf,GIF,healthy eating
38,4fa14453-7b29-4302-b51f-9aa23b472c1b,8c9c5ee7-9c8c-4842-bbd1-1d1e51da8164,audio,animals
39,16757b80-2803-4464-b5d7-e372d8d77337,3e65775b-36e4-495d-9c45-28127fb3da5f,GIF,technology
40,ab4c4756-1c50-4136-bad9-3216e01ffac2,bfe23c39-f814-4282-b0f7-506cd8295b8a,audio,fitness
41,4478d98e-43e8-4dc0-884d-c1115aa8b970,d6204684-926d-41db-ae9c-a7bf2e76313a,audio,animals
42,34f73132-fff6-4f01-a5ec-4b4b66461fc7,948f7e9d-49bb-4770-bc9d-cb3fb65cca15,photo,fitness
43,bfa4e11c-9d72-49b9-bd43-49d95c2e5181,f9775602-43ab-4d54-ad93-7c9a489879bc,photo,veganism
44,220d9dc1-f8a5-422d-b200-3819f3b89b2b,26c9a1fc-78b0-460b-8931-cec1dc87aa0d,video,dogs
45,ea1afba2-c0a8-4d0f-ac64-91fd7a126bbc,49da0743-cb4d-4c84-b6a2-537bbe7256d1,GIF,healthy eating
46,18b4da8a-5f22-4dbe-b2af-c9013581cdd9,b6d04982-1509-41ab-a700-b390d6cb4d02,GIF,studying
47,259cd56f-b017-4a41-81a7-f26ce9b35092,b870b764-7447-4990-a8d4-024d33e0e67d,video,culture
48,14ed7f7b-2c96-4458-8a39-606c25c14180,7918d465-0953-4f20-9e28-539e74c82e2f,video,tennis
49,c01fa154-5348-4040-9d20-0bbf01f6349b,69532ce2-1ffe-4187-8042-0230d115b24e,GIF,tennis
50,2d949603-6676-4402-900b-2c2c78315ea0,4baf648a-0ad5-412d-8250-5a0ff9289fbf,audio,culture
51,50c9237a-541c-4f10-a2be-7cbe076b2012,e79a2e98-57b4-4469-8da4-87f338460d42,GIF,travel
52,5ecd7f9d-4184-4836-b1c5-f03e131ba0a7,77a7b81e-96f7-4e5a-92c7-5b07f7333913,video,science
53,e442899c-d2d6-4392-be2d-a0b916ae47fb,c07fd88f-9e7b-47eb-8477-8fcbffb7c5c8,video,technology
54,daab7b1a-fc8d-473e-bbf3-b29f4185ae56,80e03bc0-fc8f-475b-a4dd-870844b7a313,video,science
55,82145a60-013e-4d96-81a5-399af8618158,2ad548cd-a899-4992-972b-92cde9cea8f1,audio,food
56,d852b946-01e1-44fe-abd7-26198660cbdb,242a3620-fc18-4120-ac72-37b0f3716879,GIF,food
57,9dd95c34-8b39-4776-a232-412512329c3f,a6133f47-5586-434e-8be1-1e7122db1c0e,audio,fitness
58,c59e27e9-0439-4699-8ea0-5e93f662a05d,fe15963d-0a77-4247-9bc6-04e146b826b2,GIF,fitness
59,78713905-362f-4a87-9671-adab5f1e0e67,15e325b1-c221-4bf8-8010-18d76b03646e,audio,dogs
60,87349e5b-eda4-4ae6-94d7-c42b9c5f03e9,8fe167eb-3c69-459a-b32d-b030b942eab4,GIF,healthy eating
61,5fbbdd47-e1ca-4cd4-bb24-dd0eb03f99b0,6ecb39b1-8f85-44f1-b2f3-0cffcba4d731,video,culture
62,ac1c59df-2803-4cf4-8ec0-fe6bd1f9ea44,f3eb7ee0-7788-43a0-9686-1c399260b17e,GIF,soccer
63,026973ef-4b73-4901-9160-bc9e04516057,4eed2f45-f040-4995-a60f-472af1ff379a,audio,culture
64,f08bdab2-b888-484e-8fd9-919e6ed86c12,3956593b-7739-426a-b7a5-e841c95a5df9,audio,education
65,a55b215b-06c5-4ef3-ac14-7e1569c3ad2e,1e571af5-1796-424c-b744-a925897d44a3,GIF,education
66,258bb775-3c35-4eec-90f3-8b75a52e466a,ab9a4d70-3ae4-48d6-b161-c18bd687c3b4,photo,education
67,8d32243c-2dd1-4128-bde1-d643207e582c,ef56931b-540b-4166-9090-73ae48ac8d97,photo,studying
68,e2c433d2-096e-484e-8c69-28f0bb69f3b7,7adafb3c-7c7c-492b-be5b-5ddd9ff1316a,audio,science
69,3d8fffab-6107-4d7b-9485-c610e233c91c,9a84c667-c913-47ce-be69-0f847dbfe0db,photo,studying
70,409aa11d-5af3-4a70-9da1-482857f5835e,7000ac2e-87a0-4e23-b342-5f150e03f9ef,GIF,Fitness
71,aa9ea032-0fea-42c3-88d9-666685d4b32b,1879b698-1639-438e-a07e-ddd735f8d57c,GIF,veganism
72,eaddee3e-3a23-47cd-9785-ab7f2120a293,31cfc138-cec0-4176-bd6d-79c4cadbb1d4,video,science
73,9ef39aa2-60f9-4e4b-b666-c6cb97015503,dcc6000c-ba92-472c-8bc1-9e9ca30b475b,GIF,travel
74,841403fd-321b-4118-90b3-cc0075d64047,1e6db00c-22dd-4ae9-80e3-95f7a88b18b8,GIF,studying
75,3724de8a-ec2f-4021-a3f1-605d551da9d0,72d2587e-8fae-4626-a73d-352e6465ba0f,video,culture
76,2d0926be-9a29-4e6c-b342-815c70172214,7a85fbc6-253f-4552-9f4a-c1a332e14fa5,GIF,animals
77,dcaa5091-1246-4d3c-aed8-dcd8e1da69cc,f11e8adf-a550-4e7a-ab81-dbccd952dff8,photo,science
78,0491183b-be25-4108-b667-8c30d3cdbf50,72d2587e-8fae-4626-a73d-352e6465ba0f,audio,veganism
79,359b93ea-446f-4202-8801-db238de5de4d,de39bbda-66a8-4c52-835a-7a104cf7f081,photo,food
80,0adb9a94-210a-4e84-bca1-13db9452ff0e,f3eb7ee0-7788-43a0-9686-1c399260b17e,video,healthy eating
81,3c510b35-43e2-4e84-a805-86c5ebddc4cf,a559688e-3f10-436f-a25e-8ad553eacb89,audio,studying
82,86346263-02db-4020-a216-9e54f502f643,bfe23c39-f814-4282-b0f7-506cd8295b8a,GIF,travel
83,3dfdcf9c-aaa4-41ea-9a7c-b3ba09103467,a1a9c0bd-785a-478f-a19e-9eb48fae0bd6,GIF,fitness
84,3529c44b-d0f4-4bd2-b6eb-be97d2f7623f,d47fd6cf-20fa-45fe-97a1-b8aca043c9a8,photo,studying
85,45dbce0a-dbd8-4c4d-a492-4f5b84850d5c,ed5e1675-94a8-482c-8b43-1b9bb71d0495,video,dogs
86,c4f59a1e-3198-4968-b062-9e9fcc41403f,f46eee2a-6024-4046-a6f4-5232366edb87,GIF,veganism
87,9d94f180-947c-40f5-aa05-f1958759b7fc,f8926cfa-7036-4929-b5db-925c26daea1a,video,science
88,6ef45d36-cd14-428c-b5cf-ad2f06371c6e,04e52602-e370-4a99-bfda-f0c1655058da,GIF,cooking
89,497da46d-d5d5-45b0-827a-f2b75d7bf4c2,7bf3ce80-784e-42a0-b06a-dbbd1e31a9b7,photo,culture
90,da527dd0-4b7d-40a2-9fc6-89ef7c91fd87,95023c1b-04b7-4efd-ab34-61a4a70bb9d8,GIF,culture
91,fada6910-2cc5-4600-808c-1e6066f795a6,05782669-264e-4c14-990e-14c8dbb13bef,GIF,technology
92,be85274a-28f1-4c6d-9ea1-7b20d1e0c66f,b6fd2140-f8b9-498a-a07f-0dc9986736c6,photo,culture
93,b1ba68bc-fa4c-4a36-98a1-4d4a381ef873,20d507a0-fdba-4c04-a30c-bd18273accdc,video,animals
94,1de2f0f9-61ab-43fb-9180-6870824c63c0,084eb113-0d87-4ae5-891b-2ec7f1e194a8,GIF,science
95,e18e10e9-ed2a-494b-b215-edce890b1df4,57617bf3-b7d0-49cb-8d88-7d8346656397,photo,food
96,c2d6e707-f00e-4fa4-a193-eb36272f58df,c924f935-cff8-45c0-b4b7-5ed2c6cdaac8,GIF,veganism
97,af7971aa-5fd5-41d3-b6c3-583704a705a2,a90c3ed2-7c64-47c3-9da5-b10d05f6f9f2,video,healthy eating
98,6d6cf6a3-4187-44ec-af28-91c99b584bcf,8c9c5ee7-9c8c-4842-bbd1-1d1e51da8164,video,veganism
99,5d8dbd6f-cc78-4f7a-a65c-cd9dde481dd0,49da0743-cb4d-4c84-b6a2-537bbe7256d1,video,healthy eating
100,c8b044a9-8427-4b41-bc61-7b549ab1626c,64b33556-9ecf-4ebc-8b4c-f829ab1a4881,photo,studying
101,cd568dd1-70cf-45d6-b495-10eebff8c920,8dda1a41-9e57-4944-bd36-18c0ac343b13,photo,dogs
102,72822fb8-8a40-4cf1-a86a-42140b3bf9f3,9a84c667-c913-47ce-be69-0f847dbfe0db,photo,travel
103,ef99fd68-74fb-4c72-bc70-742ebca14499,3d13e0d3-e765-4065-9221-3f864689b9e0,video,soccer
104,d147ab3c-4097-4eec-b4dc-480e4ece801b,95023c1b-04b7-4efd-ab34-61a4a70bb9d8,audio,culture
105,62681a6c-fe82-4186-ba7d-0805ae5b95ed,dcc6000c-ba92-472c-8bc1-9e9ca30b475b,audio,Veganism
106,ec8e2d25-5730-4753-a0a2-d1ed41e23623,05782669-264e-4c14-990e-14c8dbb13bef,video,healthy eating
107,67f2a150-6086-4cbd-8d21-46250ccef5a2,5897490a-0aaa-49c9-b63e-0da83088e3e0,GIF,cooking
108,65545cfb-59bb-4dc1-a38b-82f268210da2,c76c3393-88e2-47b0-ac37-dc4f2053f5a5,audio,technology
109,433607b3-eeb4-48b8-9263-9805c1b89d55,683d880b-3ccf-4f4d-8182-96e7a7a884bd,video,education
110,0f1fce4d-78a3-4e0e-8a7b-ebd5f97c305e,ad9f5c2f-aa30-4baf-b084-56b1a4b63b09,photo,dogs
111,1000371f-7758-4c44-a1bc-41fd836b0bcb,2941011b-f214-4430-8a14-e791ed0805bb,audio,studying
112,5a5bf39d-1bfd-43f9-b304-ea8fbaaa3528,85a3acae-0e71-49f4-a6ee-13d3df1f4962,video,studying
113,8e3896e3-2f84-4b47-9365-fb562c9ed730,cf34e8ee-f508-47bc-baa1-bcc576e1084d,video,public speaking
114,de9796a6-d19d-4c41-a965-7aa4dcc69fee,98411adf-cfc0-400d-aac8-e215571ef3f2,audio,technology
115,e4466189-0b96-4cc4-9d7d-d0f27b982548,bbe8f83c-af9c-4dab-b5fa-7925822e450d,GIF,education
116,391a9aa4-c04a-431e-8366-712d92267c2b,1bcc3c26-e82e-40f4-9d16-3311c8c1ddf6,video,public speaking
117,e8edf506-36c9-43a7-a685-8b9f6467e4f9,92c3576c-8634-42a8-8005-6e1ff8c207e8,video,studying
118,36d36f19-7a10-4d7d-a3ab-a3f2cbbfcf4a,69532ce2-1ffe-4187-8042-0230d115b24e,photo,food
119,c7066a17-2e12-49d2-bb9e-c8967051f490,acbac577-54c9-4476-af3c-a3241a3f4a19,GIF,public speaking
120,f01ec49c-3179-43bb-b127-2b1a73f34b06,6e98e5c2-b7d7-4915-bb20-d01a42d29dee,photo,animals
121,c6cbd704-9d4a-4ace-b61e-e5df74ee83af,4fe420fa-a193-4408-bd5d-62a020233609,photo,education
122,eb6fc324-f85b-4bfb-b712-0a3eceb0b9d7,76a034b7-e163-4735-a15b-b0ff645ca627,GIF,soccer
123,b6c24086-becf-4615-801e-c3c298a8d4e2,5b62e10e-3c19-4d28-a57c-e9bdc3d6758d,photo,travel
124,1beeffff-f261-435f-a109-6fafe46669d4,ade9db41-034e-4b27-befb-42117025dab0,photo,public speaking
125,61e6650c-5068-4575-9aee-4217ef3dbdb1,a81378a5-58de-4631-b2b1-3eca765f68c6,GIF,tennis
126,3a7f83a0-b9f9-44c1-a15d-656c4095e732,d0ea9a00-4ea9-4c81-b16a-a20b72f824ea,GIF,soccer
127,2b6921de-e7f2-4e30-8feb-36bd41becaf0,ed1c744d-8561-4b41-b83c-7bf554fbca97,audio,travel
128,6efd3911-1705-49dc-aa7b-994ce83a7387,80c9ce48-46f9-4f5e-b3ca-3b698fc2e949,photo,fitness
129,b56a9e24-d0f2-4599-b893-c2889a15e1d6,094fbe49-da84-4445-9d28-7fc5f593f5ad,video,veganism
130,d706b190-216c-4103-9107-fb7304766d68,cad2d54d-9555-4dfe-bfcd-7a584895a002,video,cooking
131,61b45c79-c23b-4bbd-a4fe-0bb3611486c7,a1a9c0bd-785a-478f-a19e-9eb48fae0bd6,audio,tennis
132,2c511a63-5eb5-422f-8483-c9fcf9a29b55,007a1366-a46f-40f1-9ba5-01245aeaf20f,GIF,technology
133,edc4a60a-b5ba-4178-b99e-9d34ed92599c,57617bf3-b7d0-49cb-8d88-7d8346656397,audio,technology
134,2cbbdbf6-b34e-4fbb-bdc6-904e61f91ce7,7a85fbc6-253f-4552-9f4a-c1a332e14fa5,photo,animals
135,e51b00b8-49d4-4909-9f25-8e9a06e28728,e74edcea-5db4-4412-a4ce-eb7c5adc314a,video,soccer
136,509a5fb0-9bb2-4809-9f90-18ae007acc94,64b82ed5-80dc-4fbb-9dfc-d7e037684f0e,video,dogs
137,f1038e6c-5292-4e20-a866-675e1637d6b5,13f0db8a-152a-496f-a6e8-1ed6a90b8788,GIF,soccer
138,08cc29f3-a22d-4652-8f27-ff9e0a826289,248a8f9f-10ac-4786-adfb-d0c3dd4e4b97,photo,technology
139,a784c1dd-e2ab-408d-a0c3-226a51d420e1,f86853a2-acda-4319-a50c-03f014248042,audio,technology
140,3a106d1f-3942-49d4-9358-417f33d760c6,6ecb39b1-8f85-44f1-b2f3-0cffcba4d731,photo,Fitness
141,1830df30-c239-4287-8d63-fadcb8ced884,68724f58-bc4d-4ab0-a4e1-60cdd5e95e7d,video,veganism
142,5bb364a6-8646-4cdb-b1cf-09f4125718d8,d47fd6cf-20fa-45fe-97a1-b8aca043c9a8,audio,soccer
143,dd2f8912-9b97-40cb-ac5f-215f98d4d733,1f81cb56-5258-4f9e-ab2c-4dfb581b44cb,GIF,fitness
144,de95cdb1-a85a-40de-8467-892e2d1481af,8abcf667-7be3-439f-97bb-3375a3de366c,video,education
145,e5f1a4c6-2b27-4c8b-ac9a-21bb6ef7c946,d27670c9-f85e-43e0-80a7-122cba908f10,audio,soccer
146,6199f5ca-cc02-410d-a408-e034946de162,4baf648a-0ad5-412d-8250-5a0ff9289fbf,video,animals
147,9fd8c6fc-1c8f-4a1d-86ec-cd1c71e044e1,33c1cee6-ae56-4f8e-84fc-ee0a4b7bbf4c,video,public speaking
148,8490c29c-177f-4c21-9d37-d509f9287f30,c8145b49-3841-466e-9d49-a636ce2e7d1f,GIF,tennis
149,bf8e2e7a-7a90-47f8-8dd6-01f8c6aa32ed,7bf3ce80-784e-42a0-b06a-dbbd1e31a9b7,video,science
150,5651450a-d330-46e6-bac9-c7c7e7defaf2,bf721d00-4fa1-44b1-834f-4730cd51aefa,photo,animals
151,7c2e209e-acea-4246-a32d-636e2f2cc2c1,4c0558bc-b0d9-44b0-8b70-5fc6acb6c362,video,dogs
152,a72552ac-cad2-4707-8bc6-dea84a5ab72b,89d6bd9d-ce6b-42e5-bb9b-ece3b338396d,audio,studying
153,1bbdebad-2218-46fd-8afc-ddd9b4d56d97,c1e01541-7508-4712-a22c-0370f232a41e,photo,veganism
154,2eb7feec-26a4-4949-8470-3e66c16536e9,a81df767-7da1-4844-b63c-fee4c9c7895d,video,tennis
155,0d3d0a35-f806-4536-8733-abf1f92763e2,a6f003be-b0fd-4100-b4cc-f568a21b9745,GIF,studying
156,f783f128-6f66-4ef3-a190-5afc29d17012,cad2d54d-9555-4dfe-bfcd-7a584895a002,GIF,tennis
157,7bb8c7ec-8d65-43e8-a9fb-ac01936b18cc,8abcf667-7be3-439f-97bb-3375a3de366c,video,cooking
158,6e418568-a2b9-4d08-b241-06362c96a7f1,ab9a4d70-3ae4-48d6-b161-c18bd687c3b4,video,food
159,93c0f4f6-8c1e-453e-8df0-3015b1e76376,91bec0ab-a8d4-421e-b333-e511c7c6f9a0,video,technology
160,2893a837-3157-4bbd-918f-adc93b60480a,3d5f257e-556b-4e19-b127-977bc5c4daed,photo,healthy eating
161,34123572-64b7-4f3d-b098-a2651d882fb2,6178d76a-af2e-4453-93ee-02ca23ed3fdc,video,dogs
162,811834bf-44bf-47f3-ae30-e305591177d6,69fcad9e-45a9-4189-b7e1-96b26c57c542,GIF,animals
163,c6f6e0f3-9fae-4bf9-abb3-cd7248a51061,3954373b-2411-4d3a-98ba-03bafc1a1a6d,audio,culture
164,8f3cce80-d539-4f83-84f6-901e524c088e,4291e9a9-b4a8-42e1-b032-520b16f93888,video,travel
165,27fffa3e-000d-4f29-9358-5b0d2280d18c,9664d628-9163-4aae-94e0-311f3bdb2f11,video,dogs
166,3c092e34-bac9-4e63-a7fa-0608fb73914f,054b5d2a-7ee3-49c8-912a-1cf58389ae60,video,soccer
167,413101f7-ea05-4df6-97cf-9891245c5ed7,0828c4e1-63ec-4121-aa07-eefd37954bb9,photo,science
168,6be333ca-7797-41a5-9a2d-e198037d30ed,1e571af5-1796-424c-b744-a925897d44a3,audio,food
169,c136ae25-d882-4e2c-b515-5727ad2626a5,b841358a-d8ff-412e-b940-3a95fd31291b,photo,soccer
170,bd810ca4-54cf-420e-afec-0214b870672e,c1e01541-7508-4712-a22c-0370f232a41e,photo,technology
171,ba9ce407-672c-4ceb-9c1f-59590fd187d0,3eb6dad3-c017-4e77-8920-fbdea84b0acc,audio,fitness
172,fa781e01-b928-401f-86f4-d42b0a3b55ab,3956593b-7739-426a-b7a5-e841c95a5df9,photo,studying
173,43e53b12-71cb-4aad-9cb7-8c3572053230,3e65775b-36e4-495d-9c45-28127fb3da5f,audio,fitness
174,a58c963f-1bec-4eee-b66f-60062a9dd96e,da97952a-2eba-46c4-a19e-3df3c40a1524,video,dogs
175,2c0e1f1e-1af8-45b6-b8f2-9714358dd2ad,31ff6616-c1dc-4b9a-8091-0b4d0cac25b1,audio,Travel
176,748ab616-8066-4c61-b6af-d7442545d12a,a8d09ab9-44c6-493c-afdf-93888822a4b0,audio,veganism
177,e0fe9c2b-0e5f-46b3-bb4a-f68bf569e867,542041fb-f361-4353-b0f0-442c1585317a,video,science
178,734c0b94-6729-44ef-af97-90a3a51a466c,3455a646-398f-4b16-b19a-1371cdb2e048,video,travel
179,43da458b-66fe-4723-996c-57dcfad67edf,b0d6f088-ee97-4087-aeb1-4957f24a5f4d,GIF,food
180,3d02ae44-c8f2-4d2d-a64c-9355a4f46430,18421d97-6f86-4d21-a7b1-dcc57dd8be76,GIF,fitness
181,7dc268e5-b50d-4280-82aa-e08af75a8a0a,6178d76a-af2e-4453-93ee-02ca23ed3fdc,photo,science
182,d0e55134-c60e-4a05-999c-d7697b4901f0,cf34e8ee-f508-47bc-baa1-bcc576e1084d,GIF,cooking
183,ebdf5d36-9ecc-44d7-b641-d33805709452,948f7e9d-49bb-4770-bc9d-cb3fb65cca15,audio,cooking
184,1429467d-e8a2-4292-bd46-921e8bd87b30,c924f935-cff8-45c0-b4b7-5ed2c6cdaac8,video,public speaking
185,f0d1b3ed-f1dd-4a09-b17a-b0f241932fbb,8f41c07f-db4f-44f3-ae81-1f99cee047eb,audio,studying
186,7d459555-a816-4d20-893c-a002e0a74ce3,4edc3d1a-a7d9-4db6-89c3-f784d9954172,audio,healthy eating
187,e6b61eab-6879-4618-b189-476f27f02fdd,26c6734f-42b6-48f8-a08e-e1c3a79019d0,audio,science
188,d16d21cd-30c7-4b1e-b50c-aff5808fe816,5ffd8b51-164e-47e2-885e-8b8c46eb63ed,photo,fitness
189,27ec2b21-a749-4181-b182-150a174fc277,bec3a622-1373-49c2-9d57-e0281c34f5cf,GIF,animals
190,8bcb980c-6f36-484d-974f-30b3e8fcc251,0f1f6aef-b094-4b4d-b6b6-412ebc42c12b,photo,travel
191,bac28166-5b8d-4f5d-88da-8c8f9a1c3f5b,f9ecf6a2-8402-43b3-bf22-8cd54394ea02,video,food
192,1f466010-5c87-4b81-be83-5856481231fb,324e384a-9963-4d17-94aa-21859ea85062,GIF,soccer
193,496645a7-64f7-4c56-94f5-a71671cb262e,9a5c1dcc-d26b-4303-b487-3075e7d34e02,GIF,dogs
194,d6d4ec49-4210-44de-9f90-c93dfbeed084,23483ddd-e43e-4c5f-a1b7-5392410aa8d1,video,tennis
195,229d5bad-c1e4-439c-8978-0efdcdfea4d1,47def058-01cc-478f-9830-eaddcccac633,audio,food
196,80d4bec9-6441-41a2-be74-0eec3e5317ef,41cd692a-be3c-4acd-a2c8-184586bdc180,video,tennis
197,457d54ed-e0bf-4574-80e3-561c1bbc4d3e,caa8605b-5cd3-49d0-a680-2a6e9f3bf0a5,GIF,science
198,57a8bb62-a264-42d4-a1b0-6e4c0f859a5e,1add9169-fda0-4da2-82a0-4de3bf7ed8ca,audio,cooking
199,ff883828-a610-492d-8635-8a777eaad25f,ded166ee-173b-4a56-bc6d-464c35709670,photo,education
200,48a824bf-e495-4333-8acf-c800947ec2cd,69fcad9e-45a9-4189-b7e1-96b26c57c542,audio,soccer
201,2019333d-2b9c-4a22-904c-d1f1aa9c68bb,98411adf-cfc0-400d-aac8-e215571ef3f2,GIF,food
202,88d65e30-7ca0-4f32-a020-45c4cb3d9632,2dd186bb-7a28-4e80-99c7-f1936afc7b49,audio,travel
203,05776481-7b58-46d8-abf6-bf4de7831287,57617bf3-b7d0-49cb-8d88-7d8346656397,audio,travel
204,323c35ed-081f-4efd-8bd6-ce5208ceb0ed,e74edcea-5db4-4412-a4ce-eb7c5adc314a,GIF,animals
205,8b51c05c-a8a2-4a6c-b031-165fb7bac840,66663a0d-856f-487f-a2a2-258af21ab3e5,video,dogs
206,58059956-4cde-4671-9baf-904851731540,1582dac6-ebec-43ed-a34a-1a202ca72627,audio,education
207,a429d355-8983-40a4-aa2b-c3f47acd5499,e8c9386c-8fbc-40cc-9587-ccb912ec5c10,photo,veganism
208,db3e5630-f959-4ce1-a12b-02efa655780e,e8849148-1482-4926-9f28-a537630b9ba2,video,animals
209,c9ab41d2-5728-4d94-b16a-1e9b7af9b21d,95023c1b-04b7-4efd-ab34-61a4a70bb9d8,GIF,veganism
210,429632b9-88c0-4163-a7ed-4272a04f7838,56b8948a-68bd-425f-b842-eabe6bcfacca,audio,Animals
211,281054fd-2b89-4191-92ae-98e1bc0ed51b,92423e9a-4e8c-49bc-be75-c819912696ce,video,fitness
212,ebdf9868-075e-4fca-a3de-ef7b2cd8f7a1,163daa38-8b77-48c9-9af6-37a6c1447ac2,GIF,education
213,8ef185a2-8910-41f5-a109-95c925ebffa0,f46eee2a-6024-4046-a6f4-5232366edb87,photo,public speaking
214,839d117b-c764-4930-99f2-a6e4d1b47790,374634b7-aead-4f2f-9303-c15f456c4094,GIF,cooking
215,db672f6f-2f5b-47bd-aed6-bfc22188de4d,c834ba1d-8a10-4984-aaf2-7c2eab207076,audio,soccer
216,037189e3-18c0-4f6c-a8cc-d6b86d679891,bbef3be1-172e-44bb-be3b-013140707ecf,GIF,food
217,709b527b-d26f-48f2-91f8-3cdd9702e564,b473e898-b7b0-4a57-959d-484bf4cc4483,video,tennis
218,909cbb46-9789-4e9d-9148-890e5c44a9e2,80c36ce2-2cef-4a47-a563-d2a60a2b1825,audio,animals
219,ceba816b-72ea-4682-8795-8569a46bb1d6,2941011b-f214-4430-8a14-e791ed0805bb,video,dogs
220,1987b43d-bcb9-4ab0-8634-ef3623928e94,0828c4e1-63ec-4121-aa07-eefd37954bb9,photo,education
221,1a69604e-95a0-4b91-8051-f3730b7e009b,bcdf88dc-2a52-4716-bc24-a1b46040c8ce,video,fitness
222,3e64dfe3-e832-4352-a170-9806f64ac507,15cf4392-8541-422b-8957-a9c0380c11d9,audio,healthy eating
223,30c8a141-2c2e-4272-8854-ff5673509652,89572273-761e-46f3-8b99-1689d98aac90,audio,culture
224,92855e17-5173-4481-a3d2-b9374263f597,ec2729db-9794-466e-93ba-a19402e16bef,GIF,fitness
225,ad08dde0-ec5d-41ef-baed-10c6d66028aa,84bd5adb-286c-429a-926d-4ea120270825,GIF,technology
226,d029d393-b80b-4a56-9450-7645ee42da07,3956593b-7739-426a-b7a5-e841c95a5df9,video,healthy eating
227,4ce7258e-3777-42b4-af6a-dd8898c42cfd,f02267ef-8974-43f5-9a2f-03d2c8ec22ca,photo,travel
228,75747dd7-8dad-4f2f-9209-62765223f3af,4bcb2c2e-36ed-4d5d-90a1-440993e9f6d2,photo,fitness
229,b47f0569-8d01-4ac4-a4ed-0fcc94cb96fc,1add9169-fda0-4da2-82a0-4de3bf7ed8ca,audio,studying
230,b1c49557-0623-4fb2-8f22-1453286fedad,54a8e072-5369-4122-9189-43b55e1a4ba2,video,healthy eating
231,96209724-37a8-475b-b80a-03e96a7c33b1,6ecb39b1-8f85-44f1-b2f3-0cffcba4d731,GIF,fitness
232,bb9dcde7-55bb-4fb8-b349-caa58fb08823,683d880b-3ccf-4f4d-8182-96e7a7a884bd,GIF,healthy eating
233,a0606e08-1798-44f5-a575-28e82f79dfe3,0c5b0547-820a-4beb-832e-3162f74ccfa7,video,veganism
234,b7a5e38b-b990-4b8e-aaac-6cc9ee77f3d9,de050611-e926-43bb-b1ea-502d8bd25bfc,video,cooking
235,3dc03a86-f481-42fa-bf43-a7bcf3b6572e,3af8d78b-55c4-4ac0-8161-7cc3f6ec11c9,audio,fitness
236,baf5959e-204c-4acc-838c-87617e79f448,33a8d02a-e255-4ffe-9d90-2df8c2914077,GIF,fitness
237,18a07663-ba3c-4ff9-94d3-bd533aa853c2,fd7396b2-a18b-449c-b326-e676aebd7776,audio,veganism
238,dc78a872-9057-4a8e-9a25-a1c407c1b7c9,a6e32004-8866-40e5-aaeb-e159c13fd42a,audio,culture
239,a3d563e1-c7a6-4367-9195-cddc36863735,6178d76a-af2e-4453-93ee-02ca23ed3fdc,audio,healthy eating
240,350e0d40-e036-459c-9cbe-73e003c33cfa,346174b1-4661-4cdd-8c47-66dbd013cd56,photo,technology
241,0e2169f4-b881-42d0-b99c-034b32f83504,f25dc445-de4a-47ee-92a4-0ff29c56656d,GIF,food
242,60ca0278-5ed6-4669-939b-e6dc2021c07d,317c70d5-fe65-4663-afb1-150108e0e55c,GIF,technology
243,13a4d35c-761c-47a3-b25b-5cc5825d04f2,1879b698-1639-438e-a07e-ddd735f8d57c,photo,travel
244,062cbf2f-fc22-4357-8890-63e7f13fcd37,f9ecf6a2-8402-43b3-bf22-8cd54394ea02,audio,education
245,45752c15-a54c-4b0d-8fe3-f39c40f6c8d9,1932a904-86ba-4438-bb52-b7e6516a4019,photo,Education
246,a3e93c2d-7fb4-4881-994d-ee20ad564924,317c70d5-fe65-4663-afb1-150108e0e55c,video,public speaking
247,5b379d75-649b-426f-b420-4e0b6e4a0e3d,953cb190-5704-4926-adc2-057c6f3e3cb4,video,soccer
248,7fe36d94-8867-4719-9c62-60b077cf5973,5b62e10e-3c19-4d28-a57c-e9bdc3d6758d,photo,travel
249,56df8914-9d42-434d-9612-6bb518dd641e,4ce3f877-96ea-4a37-8107-1176126d9d97,video,fitness
250,78461336-26e2-4d0c-ab9a-fefbe419a8dd,3205ad12-726a-4b65-a15a-1a899a9d310b,video,dogs
251,25934ec0-56f1-4fe1-9bf4-d46b1dbb42ad,877ce8ba-564f-4b86-9cdc-94a93d9a7997,photo,veganism
252,637f80dd-2d70-4658-ba5f-8d909b050781,f182f7d5-e202-4e89-832e-02205dd2ff02,video,studying
253,cb807d6e-079e-417e-adfc-759df6eddfa2,324e384a-9963-4d17-94aa-21859ea85062,GIF,veganism
254,227a8c57-e5a0-46a8-999d-fcdea42c0905,e69d9ade-20e5-4e31-bc70-5a46556c530f,photo,education
255,94be0dfb-a23a-4426-9c3c-e4db1fd914b5,9d0a0b94-b081-40d7-bf56-6f8f4750dbaf,video,public speaking
256,19179d57-4950-4a98-87fa-98f824551a6f,69527334-c362-47df-87fc-5e2b5e2605e5,photo,education
257,3926740f-e4f7-4229-9aad-e435149d0d2f,ded166ee-173b-4a56-bc6d-464c35709670,photo,science
258,590873fc-e921-4396-a173-a43451675afc,e09aa625-3db7-49bd-be09-9aaa0c86a8bf,GIF,studying
259,b4c71928-99f0-4f1e-bdff-3d99c16113ac,bf721d00-4fa1-44b1-834f-4730cd51aefa,video,travel
260,c7b02507-18a2-4169-91f1-4fc727c8bc03,89d6bd9d-ce6b-42e5-bb9b-ece3b338396d,GIF,dogs
261,70b0202f-cd58-42fe-acd9-7b2f8cf9e7c6,c64c5004-6ab5-4faa-9fcd-8039fe57799d,video,cooking
262,2677e7fa-4c0e-44c5-9d4c-66615a42e86f,5d04455b-a95e-40d8-bcd4-8c485777c47f,photo,dogs
263,4b10b6a2-d8ad-4f48-835a-e0ec47e7e72c,bf721d00-4fa1-44b1-834f-4730cd51aefa,photo,education
264,990ad477-b9eb-4ea6-9ec8-3f941f53b758,122c3e03-0a96-4d62-9d17-27f8e2b6ba58,audio,animals
265,2240bbde-db67-4d73-b885-f0117b4b2080,92c3576c-8634-42a8-8005-6e1ff8c207e8,video,food
266,8338222c-c31f-40f3-883c-44125f36bae8,e8493c32-7f6f-4e57-a691-cf0df6f015c9,video,education
267,59bb59ce-776b-4d28-85ee-c0d71c690b6a,de050611-e926-43bb-b1ea-502d8bd25bfc,audio,animals
268,bb3901bd-a3d9-4f45-8b0c-0548c36385d2,1d8dfb6a-330c-4eb9-a603-364f207c6e57,audio,fitness
269,b814490f-ff17-4f98-8fb0-cade9c2d8e61,24789387-968b-425a-8836-14e243cda16c,GIF,culture
270,72878c11-38cc-4442-bc81-7eeef47c531c,1ebc46fa-edd3-4dec-bb45-c124daf83512,GIF,animals
271,b50871e0-183e-4a1d-884b-f20fb271041b,7be6e8bc-39b0-4035-ac93-1df8fd7e1928,photo,cooking
272,5163acf9-9bde-4f09-81e2-d8711e774360,caa8605b-5cd3-49d0-a680-2a6e9f3bf0a5,audio,healthy eating
273,802a8533-3051-4e2c-ad30-7751ece5d514,600118fa-e6f4-4d74-aeb6-936abbbf38a1,audio,food
274,8f12f846-7528-4516-aa7c-f937d868c904,f4ed8f9c-5eac-4d77-a206-c60afda2921a,GIF,culture
275,35489ad9-c3b5-4fcd-a6c0-9f2c667c55a8,d9aab962-e964-4afd-83ee-abda0865da67,photo,studying
276,636e6499-b670-4cd4-a829-2c4c9e07db2a,4c731e48-0377-4d7d-b4c8-b2174b774ed8,photo,soccer
277,2363df47-ee8b-433d-bbfc-34d5ac57e2aa,b473e898-b7b0-4a57-959d-484bf4cc4483,audio,travel
278,ac120787-f331-497f-8733-7cd63dfd36b6,eb74e88c-1bf5-402f-987e-90a5977ae1e3,GIF,culture
279,9ec9b340-df2d-472f-9a7f-80b4790788e6,af647535-dae8-4ca3-9203-bf4bfc607ffe,photo,travel
280,5c38166c-8305-4227-ad54-bad36df2a57a,56e65b5b-e1b4-4f67-b596-e75bf103783b,video,Fitness
281,da8f7258-6757-4a7e-892e-a16b925ef83b,37867a23-d07b-4990-8fa8-d694cf7d3b1b,photo,cooking
282,e3c37598-5a41-471c-a65b-e0e1bef2f3ec,683d880b-3ccf-4f4d-8182-96e7a7a884bd,audio,tennis
283,ecbba40a-93f2-470a-b565-938f61f527a7,6eb62858-f6f3-4846-8054-52df483979de,audio,public speaking
284,05805658-8744-4cc4-825d-cbfed0ecea7c,d81dc9d9-a614-40f1-9dd4-7a4a05bac243,photo,technology
285,962e5969-cd65-4670-a2ae-b0266908426b,13f0db8a-152a-496f-a6e8-1ed6a90b8788,GIF,studying
286,6fc7f722-0a93-4420-8376-09d6536ecef8,db392b86-6ba5-4a9b-933a-a2553488bb62,GIF,fitness
287,1601a6f1-4b94-44ed-b9a1-6f64a1a82e9a,eff1e86a-8ede-4a41-818b-9442e3181ee3,GIF,fitness
288,e611ee64-7ada-428d-aa37-94c8c0782a91,87026ce7-fd0b-4b57-9126-d4bae2c1ee0e,GIF,cooking
289,e96d9fcb-b5be-4382-b809-6315dbe6f89a,241d5c6e-06c7-491b-b23e-f8d6ddc0240a,photo,tennis
290,a7a7c909-15cb-4719-835b-cc9f835feb50,48bed4d7-0329-472c-96d9-b23a103eb834,GIF,animals
291,77099957-1551-435e-b386-704d8b91a46e,15cf4392-8541-422b-8957-a9c0380c11d9,audio,cooking
292,760e026f-8373-4aa4-acb5-03eb102fc733,f02267ef-8974-43f5-9a2f-03d2c8ec22ca,audio,food
293,5c7fa152-9628-471d-b715-84e15c4b5d38,40e643fb-369c-4ecb-beb7-810114f331fa,audio,tennis
294,25948d39-4549-4ead-be71-6a571bd56fe1,7a85fbc6-253f-4552-9f4a-c1a332e14fa5,audio,science
295,d03efe68-5986-48c4-8767-93b8f5881004,ddd079a8-00dd-4aab-9551-11961171db16,GIF,animals
296,678dd299-afc6-4e35-890d-38a016cfdeff,ce7c338c-cad4-408f-895b-510ca73a388b,video,public speaking
297,4bdd31e0-2f59-4262-bcbe-546678a3d203,d51a3403-8bab-4d88-af4f-a429c6d8c168,photo,healthy eating
298,11b96207-c1c5-4083-948d-2942684aae0d,3205ad12-726a-4b65-a15a-1a899a9d310b,photo,studying
299,51a26a10-6973-4882-aa88-98b53978ce01,d55f3314-96cc-4a5d-b650-f43f094cd3c3,audio,veganism
300,693b5f91-52b1-4464-916c-91adccbec996,3663e3e6-3d5c-4ed9-a6af-1e680ec5f34b,photo,culture
301,4898f7e1-1431-4e9c-a444-dbea02d58f85,fdbaec82-bc98-47b8-8fe6-4aec7524e8e3,GIF,food
302,8ea001b0-f13b-420f-b0f2-0cc35bdcd152,40f15350-9ac3-4b6c-83c3-51cc7945dd01,video,studying
303,42afb980-6f27-40d3-962e-bff8eada090f,3a80467c-0f1f-49ca-b904-1938ea2177a9,GIF,culture
304,70a9e79f-ca7b-48e1-b521-c1d16cb2e36d,b3a84639-5a4f-4c97-8ea8-2ac49882e27a,GIF,education
305,7dfe344f-172b-4d1d-a9a5-d63e7a097642,5a1ab9a3-1983-4021-9557-d3700a276746,GIF,culture
306,581634a6-14c7-4c0a-8c7f-34238e58cf6a,78703a69-8edc-458f-b0fc-85d96501dcdc,GIF,veganism
307,1e773c55-ec7e-47f2-916d-98d0b778a048,bfe23c39-f814-4282-b0f7-506cd8295b8a,photo,food
308,c63235b6-aad7-42ff-96ba-978e47a6c5fc,54729154-eb5c-413a-8837-887365057910,GIF,tennis
309,194f1ad7-43bf-4cdd-a01b-e6947df47403,e206e31b-5f85-4964-b6ea-d7ee5324def1,GIF,tennis
310,85e013ce-3474-4c9a-a4ea-7b726a29baae,57617bf3-b7d0-49cb-8d88-7d8346656397,GIF,animals
311,212b7926-c743-45d9-85f2-63e0e8f85208,2941011b-f214-4430-8a14-e791ed0805bb,photo,dogs
312,cb14a57b-9a8e-4694-9516-5a7d2ec41438,e2377b94-f06a-49ed-a266-377c4b07e980,GIF,soccer
313,f5d6cb3a-923b-45fb-857a-7250b679625e,7918d465-0953-4f20-9e28-539e74c82e2f,video,travel
314,9a5951a5-a36f-404e-a746-f6023c160fc0,48bed4d7-0329-472c-96d9-b23a103eb834,GIF,science
315,26ea4466-0d88-482a-afab-e502beb4a316,79acce4b-b991-4a68-b762-d496686a4f32,video,Fitness
316,9ee8836d-af4b-46ad-8869-4e0b1dedff7d,90e2caab-9daa-4bf0-8104-c25e6c70c59d,audio,tennis
317,b81f446e-be9b-4fff-8faf-7732c6306c75,d1a89d23-7d17-4949-9e1a-637317141f3d,audio,cooking
318,d72ea14e-16fb-4e2d-acf1-59a29dfa21df,33c1cee6-ae56-4f8e-84fc-ee0a4b7bbf4c,audio,public speaking
319,a059c110-6fab-4a4f-9482-eaf2c269911e,d0ea9a00-4ea9-4c81-b16a-a20b72f824ea,GIF,food
320,b90bb1f2-9dbf-4802-a0e2-103dac50d272,72f7f84c-5bcc-4380-81cd-3378ce0a1b32,video,fitness
321,e501d99e-9e52-4c26-b33a-edba700be4e7,89572273-761e-46f3-8b99-1689d98aac90,GIF,cooking
322,31f3802a-fe3d-441c-8732-102bd39f6db5,1f7e22c8-558a-4b6f-a04f-b219593f029e,audio,science
323,4b582733-141e-488f-8d02-3c4b149815a5,4c731e48-0377-4d7d-b4c8-b2174b774ed8,photo,fitness
324,4e659bd8-44b6-41a3-893c-c528474a29c9,e8849148-1482-4926-9f28-a537630b9ba2,video,education
325,8866b759-c55c-4fd3-9753-8a69265c481e,2129de92-ee91-425f-a854-07c553ee0b74,video,science
326,915505a1-6d75-4894-8200-0f088c19431b,a710ab29-b72a-42c8-a79b-42e63d4a8bfd,video,cooking
327,eec5dae8-e4d0-4b15-80a9-ac55352cb5ca,cbc99939-e6a6-4269-9819-bffce6f38751,GIF,cooking
328,3ce1063a-2277-4285-97b0-9bd53a941cd7,163daa38-8b77-48c9-9af6-37a6c1447ac2,GIF,travel
329,42d062ec-2107-4fbe-9a77-2e00c67a7d63,168e6d97-0b9c-45d0-ba57-cabc8c60d428,GIF,culture
330,1089b539-bbb6-4ef7-ba3e-a15af2bc5f42,e2377b94-f06a-49ed-a266-377c4b07e980,photo,food
331,2d10f5b0-c590-429f-8b68-52c239617d26,7adafb3c-7c7c-492b-be5b-5ddd9ff1316a,GIF,technology
332,e75a100d-18a9-47a5-9554-1843ed350dc9,b4a6b3ac-b6af-4525-8d59-7afc00ff279d,audio,cooking
333,cb0bd265-610e-4d5f-bc00-1732f58562dc,b6fd2140-f8b9-498a-a07f-0dc9986736c6,GIF,science
334,b2344491-76af-4b2c-b569-e9af85298b30,49da0743-cb4d-4c84-b6a2-537bbe7256d1,video,culture
335,178f85a7-c2d1-4127-94d2-30adf96ae7fd,ac4e6ee0-d1bd-4e6b-9355-7567b3e3ec5e,photo,science
336,89cf06bc-e921-4cfd-bd16-d071757d90a2,b0c22f82-b882-4394-bf27-6dfadf26e5c2,video,animals
337,a39e8a86-63e3-4dcc-8561-4a0b7006df53,939dbcf5-024b-4e63-9e7e-2f15c8b346ba,video,technology
338,16fb5dcb-4349-4831-acf2-8c116ad7dae5,330ded4b-db65-485a-80a4-6b3bffd33067,audio,technology
339,0d5eb9fd-879d-4716-aebc-840f7b1b7e9f,3455a646-398f-4b16-b19a-1371cdb2e048,GIF,dogs
340,e4827a5c-c604-4aad-b7ed-b396b3601b74,85503a94-e733-486e-989e-12ff9b59f2d3,photo,education
341,abecd821-ad3d-43b0-a550-aadd9d267072,77908afa-eff6-49a9-b042-04fff799a0ff,video,tennis
342,0289b7bc-bc95-4f1d-83fe-9ca662194158,084eb113-0d87-4ae5-891b-2ec7f1e194a8,audio,tennis
343,3a7b85dd-717e-4460-8144-498fdbc9380c,808f5b0d-17e3-44e1-b58e-7f35ebabaff2,video,education
344,03e51c25-cba9-471b-b627-f15550b83fca,b9bcd994-f000-4f6b-87fc-caae08acfaa1,GIF,veganism
345,daeddfcc-c030-4674-8317-56a23ab81799,e69d9ade-20e5-4e31-bc70-5a46556c530f,audio,animals
346,71246f1e-0b64-4922-a6ae-c86c446837be,2ab641a8-6ad4-4d1a-8511-d87ff5346773,video,healthy eating
347,41bc0418-db4b-48b4-ada6-18eda999cd25,31cfc138-cec0-4176-bd6d-79c4cadbb1d4,video,travel
348,31d142d9-4557-4613-bce5-cfe63cd0a3cf,31cfc138-cec0-4176-bd6d-79c4cadbb1d4,photo,soccer
349,77f0131d-a06e-40d6-8f6d-a64c0491d1b5,4027aa31-4bda-4e1d-92f7-49de962e8da9,audio,healthy eating
350,ad5ddd13-b8ea-4174-ad71-da1663c7f959,15c2ba5b-eeb6-4d9b-a0e2-7d5461a21c0a,video,Technology
351,447954af-c2c0-4546-881c-3ba1cb104209,0d47a133-383b-4a9c-976c-697ac65ccb19,audio,tennis
352,a8d3e5b8-7838-477c-82ce-4c90029e56ce,425b7021-0409-4358-af39-2bff14197d0a,photo,public speaking
353,a412c4fa-42c9-4bd8-a2d7-1ad1dcbe9615,0871bb31-3d6e-4e4c-ab19-95a262cac0d4,video,dogs
354,3b436c19-72fe-429a-80dd-88d24ef549d1,31ff6616-c1dc-4b9a-8091-0b4d0cac25b1,video,soccer
355,0c042b6c-725e-4591-a666-cf32c5ec7cc8,7918d465-0953-4f20-9e28-539e74c82e2f,audio,public speaking
356,dfdf6d34-e60b-4d21-9973-4bf07769be78,f7785ec1-7383-4815-8206-80de7c05fdf9,photo,public speaking
357,cebae43b-4f77-4689-86e0-66fb107d5eef,4c0558bc-b0d9-44b0-8b70-5fc6acb6c362,GIF,culture
358,7e2e14e2-79eb-41d0-8d5f-eba20460f049,3efc3621-873a-4b80-a0cb-27e531d600be,photo,dogs
359,34cb120b-853b-4788-8978-a3544449136b,4c0558bc-b0d9-44b0-8b70-5fc6acb6c362,photo,food
360,e4fd43f5-c0cb-47cd-bc41-1e07a8081323,d9aab962-e964-4afd-83ee-abda0865da67,GIF,soccer
361,e4306fd4-391c-4016-8b5f-98594bb647a0,ef629f00-391d-4a79-af74-77a9afdbbd41,audio,healthy eating
362,697af362-e84b-4429-b4ea-4123c6ab44ba,3f218ab6-a288-4ee8-affc-3d02a9cbff5f,video,science
363,8f640e2f-27bc-46cc-a43a-f750e357fc35,89d6bd9d-ce6b-42e5-bb9b-ece3b338396d,video,soccer
364,f2143553-d9cd-4d8d-8276-98557a0054af,80e03bc0-fc8f-475b-a4dd-870844b7a313,photo,cooking
365,f4c8e6bb-e282-41f3-a000-bbabae7dbf04,1ebc46fa-edd3-4dec-bb45-c124daf83512,audio,technology
366,ad8bc9be-50a3-491a-b240-49b8f573238e,b3e73328-3638-4913-b7ae-3a6a64c1cd62,GIF,soccer
367,54acd843-1e09-4b30-a80a-b9e0295ff269,94bf7864-a52e-405e-a729-9702bf79c234,GIF,tennis
368,972b6e82-421f-43f6-905c-2168933de18f,4bcb2c2e-36ed-4d5d-90a1-440993e9f6d2,video,animals
369,f6c9e663-620c-4d18-9494-7eea83fbf4b7,df1e7940-d514-40aa-af3a-e742792c4b5e,audio,animals
370,78c7c5a7-5de4-469e-8460-49e8e491bde6,c3988ef2-7e28-4db7-8981-c69f61a3bfce,GIF,public speaking
371,d75016e9-9817-47e7-a2f9-dbfae392d3d6,9210e8dd-d2a2-4ea7-8cbd-f37e1e8efea5,GIF,culture
372,567ddaca-f9aa-4e53-b9b7-b745a1ac0c95,e8c9386c-8fbc-40cc-9587-ccb912ec5c10,video,culture
373,46bd9a52-6547-457f-87fa-0e434e5bc61c,b9480379-4b96-412c-8dca-96fff9ae81a3,photo,fitness
374,bc1f22da-d7b2-49d8-a6f1-1132776b4b18,20d507a0-fdba-4c04-a30c-bd18273accdc,photo,culture
375,501b2f88-999b-4ad9-b2f5-4b9c36a31259,b726d35b-6345-4ed9-8431-fc75e38ba179,photo,cooking
376,df15da28-c038-4d0c-a63a-eac77f650ee3,168e6d97-0b9c-45d0-ba57-cabc8c60d428,audio,tennis
377,0da2523f-acc4-4687-9844-45eaa5e90c65,a90c3ed2-7c64-47c3-9da5-b10d05f6f9f2,video,technology
378,bc9cc9ed-3e90-4fef-a1e8-d54b31e88f30,80c9ce48-46f9-4f5e-b3ca-3b698fc2e949,photo,healthy eating
379,b6ecb09e-a706-4589-bb75-70cb1cc590eb,e32722f4-69b1-4aff-b13b-8928ea08fd6a,photo,culture
380,23a1f257-2f17-4e67-aec1-626c77d73216,af647535-dae8-4ca3-9203-bf4bfc607ffe,GIF,studying
381,02ba5af1-784a-44cc-ae3a-14833c4a2237,cd5fd7db-8715-41b7-8f4a-11a65b638d8e,video,healthy eating
382,c84f903e-32ae-4ce1-b66b-d876439fccf5,b473e898-b7b0-4a57-959d-484bf4cc4483,audio,healthy eating
383,86f4e4df-636a-48f5-bb66-03ea4fd00214,b1ceae0c-016d-421f-a6f0-488a7857f9f6,photo,veganism
384,f04de5da-e42f-4d89-a79a-3dff16f7d422,289044c8-e74c-4814-898a-b3b5eba6e46e,video,studying
385,b27bfcfe-64df-499e-b60f-f93d2200c589,8af596f3-c67c-4f40-a0cc-e258e730a8f5,video,Soccer
386,91f7585b-c756-475b-9f21-877d7c48b579,392bf6a1-dd73-48a5-9fd9-431749f2a8ef,photo,soccer
387,9a2c328f-16aa-490c-8ca2-c7deaa90db3f,330ded4b-db65-485a-80a4-6b3bffd33067,photo,culture
388,800f467b-53a3-4d20-9342-51fe4fa36ebb,63e07d14-7bed-44b8-9cf0-4a7e9b2a99ea,GIF,food
389,b07a2298-7c03-49b3-a0a6-c65333847598,ad4bd878-55e7-487c-a4db-470b23bbd832,GIF,culture
390,38a50d44-5a3d-41c1-bf46-58638def9442,a8d09ab9-44c6-493c-afdf-93888822a4b0,video,fitness
391,0d165485-5aa6-4b45-a18a-9449293727a2,a1a9c0bd-785a-478f-a19e-9eb48fae0bd6,GIF,technology
392,45d2d284-1830-45a3-8c9d-95f8bdec3202,3c45659f-e24d-4b0d-8210-0b7704ea1ac6,audio,studying
393,2dcf2359-f366-46a4-8ac0-14229d056bb3,85eca06e-b8db-4fd9-b083-da47572c40b2,audio,studying
394,f7c26d94-b7c6-45a0-b882-354d8d89c2af,7d624010-a0e7-455b-a606-48c5c467dd80,photo,science
395,b8368fca-8fe3-4768-beed-5056cff63c23,48e26178-5cdd-4568-9990-d3bc5937910b,audio,technology
396,29d7781c-9302-4269-91f3-c23afb33467a,3ae50cc3-39cc-440a-8e31-3215011f2762,video,public speaking
397,1517abf6-67ed-47e1-9b9b-7e79a23a4d22,3663e3e6-3d5c-4ed9-a6af-1e680ec5f34b,photo,education
398,084a6656-0c55-43a7-a34b-7e5c5279a56d,8c9c5ee7-9c8c-4842-bbd1-1d1e51da8164,video,healthy eating
399,4df372b3-ed9d-41ef-b33d-b576ec383dfc,47def058-01cc-478f-9830-eaddcccac633,audio,dogs
400,93081b1a-4446-438a-a0d7-fbcedc3c992d,3efc3621-873a-4b80-a0cb-27e531d600be,GIF,soccer
401,f361cc99-64f0-4a7c-ad49-945ff01abaa6,40f15350-9ac3-4b6c-83c3-51cc7945dd01,photo,dogs
402,fc346df4-d165-4ed0-8d43-a6896daf908e,4bcb2c2e-36ed-4d5d-90a1-440993e9f6d2,video,public speaking
403,aa6c9668-7455-4a4c-9915-f7d4cb56c8c6,987b33de-7307-48c1-b34a-6c6806d7af67,photo,animals
404,64b9d086-2fd4-46d0-a19d-848572029de1,e57c1d53-11ce-4df6-bb4b-85647776fd6d,audio,healthy eating
405,def0559c-73c2-48f9-b85d-0c807659207f,8dda1a41-9e57-4944-bd36-18c0ac343b13,audio,animals
406,362bdbf7-5b75-4ae5-8f37-79ef06b6e8e8,db0066e1-83cc-43f3-990b-983010aa5370,GIF,technology
407,77b49477-2f3c-455a-b8f1-09ec2e553174,dcc6000c-ba92-472c-8bc1-9e9ca30b475b,video,cooking
408,1413f582-4261-4037-93bd-7356b0e9e017,2dd186bb-7a28-4e80-99c7-f1936afc7b49,photo,veganism
409,d4813cf8-87d5-421e-81f7-c5d43c25c62a,54a8e072-5369-4122-9189-43b55e1a4ba2,GIF,technology
410,b4871080-6bb7-4056-82a9-d8015d7b76e8,5897490a-0aaa-49c9-b63e-0da83088e3e0,GIF,education
411,b4d8b8ed-d538-49d2-a1cb-25548045bcf1,9be473d9-cfdf-4954-bae2-09b0555a8ebb,video,healthy eating
412,9522ddea-8e07-4a2a-a001-25e4a534b8f6,33a8d02a-e255-4ffe-9d90-2df8c2914077,GIF,technology
413,8477eb49-08fd-44c3-a238-a13ee8cc5be8,95f4bf3f-7eb7-429a-9f48-0f7cbdf0beaa,audio,food
414,b85e1b0d-1018-4a65-a709-4ac5323e06d9,3efc3621-873a-4b80-a0cb-27e531d600be,video,fitness
415,d826807d-be79-402e-a55a-baf08df8212d,1f81cb56-5258-4f9e-ab2c-4dfb581b44cb,GIF,science
416,fbd8f70d-d62d-42e8-9508-9f5815ab578c,a559688e-3f10-436f-a25e-8ad553eacb89,video,education
417,6dbd153c-5b69-4ffb-a869-6285fb0c764d,de39bbda-66a8-4c52-835a-7a104cf7f081,audio,technology
418,9108109e-c521-4528-9d90-4c804cbb866d,1add9169-fda0-4da2-82a0-4de3bf7ed8ca,audio,veganism
419,fea9077f-2fe7-43bd-aaef-dc2619988d94,69527334-c362-47df-87fc-5e2b5e2605e5,photo,culture
420,4b00c81e-66dd-45bd-9fb5-a9d2b37b62bf,b0c22f82-b882-4394-bf27-6dfadf26e5c2,photo,Animals
421,88cbf75c-79f0-42cb-8733-af670f39d6e0,b473e898-b7b0-4a57-959d-484bf4cc4483,audio,animals
422,58e8f463-aee3-46bb-81bb-a49ed8de8b04,b7b551bd-8cdd-44f3-aef8-29bf82b51535,GIF,technology
423,218838d8-52f4-4608-a1ba-d8988cc3d029,d71363d5-6468-44b0-b641-94c4776bce98,video,food
424,81d2e41e-39c2-41da-bea4-a6b46daa3f6f,55380131-13c6-4a5c-8826-ead0ea8895cc,video,science
425,197dafda-42bd-4a0c-93b1-2ec8bb0214f6,47def058-01cc-478f-9830-eaddcccac633,audio,travel
426,d288a4cb-6361-4d4b-925f-a0bf2e3350ec,9e9cf8e7-6731-47da-bc0f-3a487e835586,GIF,technology
427,ac63258d-9d7d-4167-934e-48b3f3c43fa9,084eb113-0d87-4ae5-891b-2ec7f1e194a8,audio,tennis
428,96d90aa6-a75b-4a75-9565-45f6cc8c9e98,286516cf-d236-40de-8d28-7d0bd173125d,video,public speaking
429,d200b97e-f661-4502-80d1-1e458816d558,23cc47ff-e5cd-4915-828d-258aefce5a14,audio,science
430,7f9423ac-89b4-4a9a-9747-76e8dd533e81,3a80467c-0f1f-49ca-b904-1938ea2177a9,video,education
431,6b09861c-712e-46e6-a2a5-72e4b3878767,4fe1900d-5e78-41a3-88ed-18e6889c6c77,photo,studying
432,4c009116-c94a-4633-83fb-956565358565,6fd58dea-315a-4ab2-8023-424a6ff455cd,photo,soccer
433,34cd13f5-5fa9-45fe-ad8e-0135b67b558d,9ed68c70-13fd-4346-808f-2665943c46d6,photo,tennis
434,763560f8-e3c4-4dec-a40c-411c22d05c7b,571d7193-a3e6-4909-b25c-e891fc126f31,photo,food
435,21bc508c-dd96-4fb1-b8a1-a92bef9fa666,10f311c3-f547-4260-8c0e-a155008b7936,photo,animals
436,5911afa4-2af5-4e7e-b6e3-e3b985597aa9,f5d9a26e-986d-4d8e-a1c9-69493fb64736,audio,dogs
437,9531f7f8-d0cc-4e42-9cbb-94d93692653f,72d2587e-8fae-4626-a73d-352e6465ba0f,photo,soccer
438,3cec7ac2-f9b6-4e4c-b392-63c59c3621f2,5b62e10e-3c19-4d28-a57c-e9bdc3d6758d,GIF,healthy eating
439,09bb0893-a05b-49bc-95ec-1e158577bf13,11f207c2-0113-47e5-aa9a-df2c7b91ac75,photo,healthy eating
440,c323d478-30a2-4140-a2ba-935a37b2ec10,f0ef81ec-85b1-4475-ae60-aa7d373088aa,GIF,cooking
441,e409d5be-a02d-4688-9869-eb940fe1e133,002cd824-10f2-447c-8d1c-940325a1cdf4,audio,public speaking
442,bd656a40-09c1-4219-8210-e667136e3734,132b1407-16fa-48f8-8112-3e426974bbb7,GIF,culture
443,28fbf4cf-c354-418c-8672-b7f2fee75b00,1bcc3c26-e82e-40f4-9d16-3311c8c1ddf6,photo,culture
444,afe1fed5-5639-45c7-89f8-ce9d1078c910,b726d35b-6345-4ed9-8431-fc75e38ba179,audio,cooking
445,af6c5966-dfe7-460b-9853-62ed9f18aed4,0d47a133-383b-4a9c-976c-697ac65ccb19,photo,technology
446,5ecad91d-3e8f-4a9e-9473-c3db5f2ab72f,cbc99939-e6a6-4269-9819-bffce6f38751,audio,public speaking
447,2b7f2d2b-2a0b-4d33-ada9-ee9629742dff,72f7f84c-5bcc-4380-81cd-3378ce0a1b32,photo,healthy eating
448,57528f91-7b0d-4120-acaf-82ee87f6df7d,b1ceae0c-016d-421f-a6f0-488a7857f9f6,video,education
449,a82b8250-08aa-47a5-97c4-19f30f236179,acfcd174-178c-4af3-8118-5be702fb80cf,audio,culture
450,bde82663-7be3-453d-afc2-539202df27c3,7adafb3c-7c7c-492b-be5b-5ddd9ff1316a,video,tennis
451,4e7535a7-4547-4da5-952e-607442ebed79,a81378a5-58de-4631-b2b1-3eca765f68c6,GIF,dogs
452,5444a751-c58b-456a-9fc9-1e4f292f2920,b596e7d8-dd3f-4125-8b99-4bf2283657cd,GIF,cooking
453,4c598198-bd8b-4b86-8440-b8ecba62abe7,9be473d9-cfdf-4954-bae2-09b0555a8ebb,photo,technology
454,1157961e-120e-4b2d-8fb2-705433ed9918,2129de92-ee91-425f-a854-07c553ee0b74,video,veganism
455,e0c5ae74-b379-4d34-a7ae-824daea8d682,7240bf9b-7424-4c04-aab1-1d7aa39964d9,audio,Soccer
456,1f0ed2b8-8531-416f-b694-a40a63f378a0,1932a904-86ba-4438-bb52-b7e6516a4019,photo,animals
457,65304022-f925-48f0-9dfc-436578f22c77,374634b7-aead-4f2f-9303-c15f456c4094,audio,soccer
458,754eb96d-65d0-416b-aec4-4ba35836157d,0ce03276-e538-4c96-bcae-9844fb0628ac,GIF,tennis
459,c0ea9b69-639e-42fe-8aa5-67f46036a17c,69f2735b-eee6-4fc1-a934-b31c20beb780,photo,animals
460,476e3ce0-3291-4c77-b3a3-deabee114efc,3eb6dad3-c017-4e77-8920-fbdea84b0acc,audio,healthy eating
461,83d08b29-6cdc-436c-89a6-20c3d60f7e73,f11e8adf-a550-4e7a-ab81-dbccd952dff8,GIF,soccer
462,ae909545-786e-4089-9ef3-61c3c9fd3efd,9e9cf8e7-6731-47da-bc0f-3a487e835586,video,education
463,f5068d8a-d4ba-49ee-8f30-716c1ec57e04,78703a69-8edc-458f-b0fc-85d96501dcdc,GIF,tennis
464,8de4028d-9af3-4dc0-a4d6-4d9a56eae3c5,79acce4b-b991-4a68-b762-d496686a4f32,audio,technology
465,b9bfb48f-a6b6-4c15-869a-1acceea04fca,f25dc445-de4a-47ee-92a4-0ff29c56656d,video,soccer
466,3ac5929e-9d68-4ec5-ba6f-a018d3d4da41,9be473d9-cfdf-4954-bae2-09b0555a8ebb,video,tennis
467,674507f9-c555-4876-89c7-c06b6db561c0,4c731e48-0377-4d7d-b4c8-b2174b774ed8,audio,animals
468,e6193423-0d30-4439-884a-ea22fea68522,b1954833-b6a5-4c6c-9709-80686b7768c4,video,dogs
469,dd7069e3-d0ad-4599-b159-032267fd5008,168e6d97-0b9c-45d0-ba57-cabc8c60d428,photo,public speaking
470,732e236f-f063-42b6-b5c1-24938385a126,b596e7d8-dd3f-4125-8b99-4bf2283657cd,audio,education
471,aeff2a7a-2cc8-407a-8557-fa4e96b2425a,f02267ef-8974-43f5-9a2f-03d2c8ec22ca,photo,tennis
472,6fd589e8-53ab-4345-896a-f428a92fcbe6,561b08d6-1084-4115-933d-db3e60edfd8b,video,education
473,1c77e474-0cc6-40ac-b48b-cbc511bffc77,f9775602-43ab-4d54-ad93-7c9a489879bc,video,healthy eating
474,bcd3702f-c27e-48ce-889b-63f765f498ef,e32722f4-69b1-4aff-b13b-8928ea08fd6a,GIF,education
475,10baeb43-5bb2-49df-9644-f91a3c77725a,49f49bcf-17fe-4edd-990d-16c3d1df931b,photo,food
476,f24f469f-53f1-4901-b6c5-18827ae0a103,6eb62858-f6f3-4846-8054-52df483979de,photo,culture
477,2ea5611f-f6e0-4696-9153-cda8d2b9a2a3,568e7c6f-b1e9-4a85-897c-aaaaa0ce8832,photo,technology
478,06a70268-f59a-44b4-8ccc-6c8e6625a491,9a5c1dcc-d26b-4303-b487-3075e7d34e02,video,tennis
479,7f5299bf-ae57-4c01-a84c-f0c6bc7a5b5f,6fd58dea-315a-4ab2-8023-424a6ff455cd,audio,animals
480,ec202582-a5b2-4ea2-992c-8a1ca8b705d0,72d2587e-8fae-4626-a73d-352e6465ba0f,photo,food
481,d70f66c4-627a-4416-b1ad-51b5ccc8cf1d,b76ebf8d-3f04-4e7f-aec8-22575f68d9e2,GIF,healthy eating
482,ed00f2a0-56a1-41f9-abad-bdcec9c0f610,a1a9c0bd-785a-478f-a19e-9eb48fae0bd6,video,public speaking
483,b3562ae0-929b-46a5-8989-89e4ac3d1f7c,e8493c32-7f6f-4e57-a691-cf0df6f015c9,photo,public speaking
484,2e84726a-e69f-44e8-ac0f-c4a31516e342,19fa2bc2-96ab-45b6-99de-1995c2bee330,video,dogs
485,dd5bd710-bb81-464e-a798-0291b385e883,fe15963d-0a77-4247-9bc6-04e146b826b2,photo,healthy eating
486,a38cf15e-6a1d-42e8-bee7-0eeb456c700b,30be2156-59d1-451e-beea-1a3690200a2b,video,travel
487,4d510edc-7c08-4524-a14d-f36f3b710020,92b87fa5-f271-43e0-af66-84fac21052e6,GIF,fitness
488,4fd0ef9a-008d-4b61-9a78-4b0257281140,f5d9a26e-986d-4d8e-a1c9-69493fb64736,audio,technology
489,6796d3e9-ee98-47cb-b057-90cfaf6ebcbb,64b82ed5-80dc-4fbb-9dfc-d7e037684f0e,audio,technology
490,76898916-4024-4c32-909b-dd240879d76a,24789387-968b-425a-8836-14e243cda16c,GIF,Animals
491,8204e4bd-c544-4a18-ac0d-6f5289957cdf,8f41c07f-db4f-44f3-ae81-1f99cee047eb,photo,dogs
492,301cfd14-3e4f-4058-b253-c591ef150888,cf34e8ee-f508-47bc-baa1-bcc576e1084d,audio,veganism
493,56a3156c-41e0-4b35-8e6d-947961b3af5b,6978b891-dea2-4217-8bc8-47d5aa25e743,photo,fitness
494,fd060448-7b3e-4626-b3ca-44bfe764e26f,9b6d35f9-5e15-4cd0-a8d7-b1f3340e02c4,photo,cooking
495,60223ac7-2fa4-4bba-8156-1d90b367e21a,163daa38-8b77-48c9-9af6-37a6c1447ac2,photo,public speaking
496,74c85e37-5017-462e-bee2-2769db7a17c1,41b0ee09-2868-4c4b-a22d-b533a7fa46af,photo,healthy eating
497,b400ea0c-43f0-4307-a3b2-78e5784d69be,7f8ef27a-73f4-4bc1-aa62-f8aaea817294,audio,fitness
498,79f1b9b4-b21b-4abd-802a-811540cbc845,007a1366-a46f-40f1-9ba5-01245aeaf20f,audio,travel
499,af373863-f9df-4330-b423-d2b802b30d6e,b473e898-b7b0-4a57-959d-484bf4cc4483,video,food
500,6380e982-07ac-4d21-bd23-cec0bcfa1ff9,1582dac6-ebec-43ed-a34a-1a202ca72627,photo,soccer
501,b13bec8c-4469-4cc8-8650-7057eb95d3ee,f25dc445-de4a-47ee-92a4-0ff29c56656d,GIF,travel
502,43450a12-1e4c-4a17-a846-9d8768984051,bbef3be1-172e-44bb-be3b-013140707ecf,video,animals
503,7913b30d-19fd-4900-8a68-ce141192b3ec,5d454588-283d-459d-915d-c48a2cb4c27f,audio,cooking
504,c5e2d733-94b9-4259-85e8-6fb7a95a1887,bfe23c39-f814-4282-b0f7-506cd8295b8a,audio,tennis
505,e3cd0095-28c9-4f10-b04c-77b4e38bb85a,104c4dcb-70d5-4d87-b5b5-8b67205891fe,GIF,technology
506,b7983f99-c4c7-455b-a120-b144101449ad,f4ed8f9c-5eac-4d77-a206-c60afda2921a,audio,dogs
507,f2f7e343-5e8f-4ef3-b693-4261971c2ee7,b473e898-b7b0-4a57-959d-484bf4cc4483,GIF,tennis
508,a1d33ddd-1a6c-4dc2-afe1-bcf632cf0ce4,bcdf88dc-2a52-4716-bc24-a1b46040c8ce,video,food
509,c82d3a99-3d11-407d-9648-9f9560f40d7f,17bc2431-754a-46e8-81e2-32820d3fc612,photo,travel
510,cad48d10-3ad3-4bf0-bee5-330783eb8532,6178d76a-af2e-4453-93ee-02ca23ed3fdc,photo,soccer
511,52995b7c-6f2d-469c-a331-596323e6ad67,23483ddd-e43e-4c5f-a1b7-5392410aa8d1,audio,science
512,888660b0-7dd8-4983-858a-101cd03d392b,77908afa-eff6-49a9-b042-04fff799a0ff,video,science
513,14ebfb59-8d36-4857-b8e2-b6d2fb3b243d,1ee25417-3648-4220-9b8f-fc82d1ef450c,GIF,studying
514,6ccf94b4-f549-4d17-a1d0-3bf7656bce81,d56c9d87-7d56-4a5e-a0e8-bbc4ddc3242c,video,animals
515,145ed259-6151-4021-bc13-a0b5482e5bd8,6f2e20b4-5d7f-4345-b5a1-71a768ab8050,photo,technology
516,19f998c4-270b-489d-bea6-ae161d301923,330ded4b-db65-485a-80a4-6b3bffd33067,GIF,travel
517,2073855c-fab2-41ee-ad15-d4269b2ac4bd,6053d7e5-47da-4156-8b7c-dacf23a0e660,audio,education
518,3af75639-bdaf-4461-b630-d212e7fb4f30,11f207c2-0113-47e5-aa9a-df2c7b91ac75,audio,education
519,12a7140a-6fe7-41e2-b2b4-75d913fcca1e,9fbae7e6-65a9-4753-8db9-5f7855b6a540,GIF,studying
520,73fde78d-7908-4406-8377-747873ecd29a,2ef20e99-8be8-4ab6-a817-83991f7a0fa3,video,studying
521,d6c98c19-5733-47fd-9b03-e4574fbe4220,9fb4ce88-fac1-406c-8544-1a899cee7aaf,photo,travel
522,0ce7392d-5c20-4ffa-a42f-767f51e9b466,f86853a2-acda-4319-a50c-03f014248042,GIF,travel
523,0646f8f9-e558-4893-bb28-2228eb0c9323,13f0db8a-152a-496f-a6e8-1ed6a90b8788,audio,fitness
524,ed28489e-90b0-4daa-a1fa-22170cdc89d5,2bd9c167-e06c-47c1-a978-3403d6724606,audio,veganism
525,6ddba21a-cc51-4bbd-b38d-02df5cec5f68,cfe50481-7c50-48fa-97fa-89b6f137e1bd,audio,Culture
526,d90a34f1-60ed-4a79-b7bf-fd22efa12e4c,b3e73328-3638-4913-b7ae-3a6a64c1cd62,photo,travel
527,7286f9d2-7c83-4c7b-bc01-6f56eb0235de,0a1cde57-79ab-4c61-b664-1d3b290b43cf,video,travel
528,69ce055c-e0bd-46c5-b856-bf2254d1c490,2ab641a8-6ad4-4d1a-8511-d87ff5346773,GIF,healthy eating
529,2d7084fb-b457-4813-829f-73911025eeaa,bfe23c39-f814-4282-b0f7-506cd8295b8a,GIF,cooking
530,ab07c995-56e6-462c-9325-bd4a2ffd8c39,55380131-13c6-4a5c-8826-ead0ea8895cc,GIF,tennis
531,8a5dddcf-dda6-4715-a804-10d98cbf8fdc,2c32ac39-926d-4473-801f-5733222ad74f,video,education
532,360df5a1-8118-4972-a5d0-27033dba1f1c,55380131-13c6-4a5c-8826-ead0ea8895cc,video,fitness
533,985f4b4f-de40-4a4e-a090-01e100be42e9,0ce03276-e538-4c96-bcae-9844fb0628ac,GIF,travel
534,585c17a5-df96-4a6d-b144-a499e0469546,acbac577-54c9-4476-af3c-a3241a3f4a19,GIF,healthy eating
535,8ed94c6d-bcb3-460c-aa5f-69199d2495e5,392bf6a1-dd73-48a5-9fd9-431749f2a8ef,photo,soccer
536,2c5a6a94-7291-409b-ba32-ba34c5ad7c0e,7be6e8bc-39b0-4035-ac93-1df8fd7e1928,photo,fitness
537,01aff5ec-2aa8-412e-99ec-526f0f9a6d5e,6fb7ead6-71f3-4f57-94bd-18111fbc5e1a,video,fitness
538,853e37de-5ba2-447a-a0dd-a1b4407e5ec4,87026ce7-fd0b-4b57-9126-d4bae2c1ee0e,photo,travel
539,41e6d775-b5ca-4d6c-8f50-66ac3c92a300,7240bf9b-7424-4c04-aab1-1d7aa39964d9,photo,veganism
540,a8e72f75-bebc-42b4-a3c7-deb8a2412878,92423e9a-4e8c-49bc-be75-c819912696ce,audio,technology
541,de61a447-bbf0-477e-9743-71031d59bbf8,18421d97-6f86-4d21-a7b1-dcc57dd8be76,GIF,studying
542,bceb7f2d-6afe-45fc-88b1-4d4c8f597cf8,94bf7864-a52e-405e-a729-9702bf79c234,GIF,technology
543,6ee96d2e-a110-4e43-ab89-b5577b7b3dab,132b1407-16fa-48f8-8112-3e426974bbb7,GIF,culture
544,b014a42b-c469-4c26-b4aa-256f4d3d5072,6ecb39b1-8f85-44f1-b2f3-0cffcba4d731,GIF,culture
545,3210c7c6-e7a2-4ae3-b69b-a111b359c56d,225f147b-0951-40a8-96fb-2ceba9f3153a,video,veganism
546,9bc09268-79e8-4402-ba22-ffd1e45fa66d,d97f6964-a2d4-4d55-8f3d-5b4aac2f569f,GIF,travel
547,12b89b4e-6770-489a-b7c3-812de3d61f20,8f3d5674-544d-4f70-b4c1-7b9d93371855,photo,education
548,f7b57d86-228b-4777-be51-dde8702f7b4c,08c64787-e47b-4a7f-b00b-5590eb5fbc3a,GIF,cooking
549,bc604b62-adbc-4c93-a2ae-602160714d1c,95f4bf3f-7eb7-429a-9f48-0f7cbdf0beaa,photo,cooking
550,e4487829-621f-4265-8665-42a4c0610745,6fd58dea-315a-4ab2-8023-424a6ff455cd,audio,food
551,06cc70bd-87c7-4d40-81f9-8a4b9bc9856b,ed1c744d-8561-4b41-b83c-7bf554fbca97,audio,technology
552,3ea56656-03ef-4199-b253-b5241ee21eb7,8dda1a41-9e57-4944-bd36-18c0ac343b13,audio,veganism
553,55d5d3f9-566c-4fcc-b24e-02ca826cce58,ec2729db-9794-466e-93ba-a19402e16bef,photo,science
554,27026304-2cb5-4d64-9959-9ff0328aaa03,2941011b-f214-4430-8a14-e791ed0805bb,GIF,dogs
555,d3cc1365-2267-4b4a-8a06-40065d7ae0c9,7d8464e7-44df-46bd-b338-d599eb730ea2,audio,public speaking
556,4b1c315b-84a8-400a-bb49-9fec7dc767d5,c76c3393-88e2-47b0-ac37-dc4f2053f5a5,audio,fitness
557,90418e93-aa5a-4608-866e-25464b617c9b,c834ba1d-8a10-4984-aaf2-7c2eab207076,audio,science
558,6a39e0b5-b1cd-4edd-bdfb-310e1a3e5910,c64c5004-6ab5-4faa-9fcd-8039fe57799d,GIF,soccer
559,8cabe738-41cd-47e1-82e2-20972f320fb1,f9775602-43ab-4d54-ad93-7c9a489879bc,photo,public speaking
560,b2055111-9b7b-4a05-9f07-ac190a5391f0,fa3e42f0-71d8-455f-b024-e52d5c27a145,GIF,Food
561,e3bb5693-091c-47de-b4b7-78e28b5fbb98,d1a89d23-7d17-4949-9e1a-637317141f3d,photo,education
562,d95a7e4c-d504-4cba-9bcc-4c4b1bfb06d0,0f21b6d6-7be6-484c-9698-d851ad7d43c5,audio,technology
563,36bd1711-92f6-4240-8ac5-21df845abe86,4cbd005f-69d5-4a83-9947-7009f69c0e7d,GIF,technology
564,2c9b8ec2-7eb1-47fd-891d-a5b23c019839,f25dc445-de4a-47ee-92a4-0ff29c56656d,audio,culture
565,9f3fd778-5ce2-43e5-bc5e-2af9b6b12fc8,1e571af5-1796-424c-b744-a925897d44a3,video,travel
566,e1484938-7b94-481e-ad0f-46629c043c96,5b3b843e-7c66-4eac-82b6-8d6f7a19277c,audio,science
567,e1b4a0fe-5069-4765-8170-ef44ab8f102c,7be6e8bc-39b0-4035-ac93-1df8fd7e1928,photo,tennis
568,7c4f0389-01a5-4ea8-a643-83414441fe81,9bbcd241-2de4-4a55-a3fe-2292cfbdc11c,video,tennis
569,584211e8-3ca9-41a7-aeea-1d308bda53fd,8d3661fd-d953-4c1b-857d-82b3e34f569e,photo,studying
570,d05568a5-a7bf-4235-9b63-1e2233adf9a8,40e643fb-369c-4ecb-beb7-810114f331fa,photo,technology
571,596a3ffe-1e2a-4999-bf8d-c8f4a8974343,24789387-968b-425a-8836-14e243cda16c,video,animals
572,f8119ef8-1f00-49e4-b468-86dd64042053,375985a6-ae79-43d2-b7c6-b182d83f1eaf,photo,culture
573,b467bf5d-1bcd-4c52-a667-6b88269ad02a,7b7b5825-2ae1-4119-99a7-e638f13267a0,video,dogs
574,632875ea-56de-4160-a76c-d1b3ae9e566f,dd118345-3ba6-4800-9686-d5479fee403d,GIF,public speaking
575,24231380-c9a7-4b07-bd51-c9bd5c49cb7c,70848bd7-6cd5-4686-b22b-a9afb05541a5,photo,cooking
576,f0eb58d4-5e4e-4dd6-bbd9-853492b2e45a,311d7214-711f-4f66-bc9a-e835fa54ffb6,audio,tennis
577,1c6be4a3-85ae-48da-81ff-44262690af51,a710ab29-b72a-42c8-a79b-42e63d4a8bfd,audio,education
578,a5b45b7b-dec4-4c26-9323-a3d9a8cb9d5e,47def058-01cc-478f-9830-eaddcccac633,video,animals
579,6054518c-4c28-4d65-8ebe-3b4f56108f29,2026ccb6-77b2-494c-9b6b-a5d32aa86776,GIF,healthy eating
580,73ef953a-5bda-4532-bcd5-85a2cb61b803,c1e01541-7508-4712-a22c-0370f232a41e,photo,studying
581,a727ed7f-5684-4536-b543-8e8fc93f40b1,683d880b-3ccf-4f4d-8182-96e7a7a884bd,video,cooking
582,8fa19e64-72ab-4cff-bc92-b8a057395043,95258c36-5b6b-4591-85ee-0c43f503c1d5,photo,food
583,634a05ab-0751-45fa-a1b4-b4a9b8342f61,35d6a1f3-e358-4d4b-8074-05f3b7f35c2a,video,travel
584,fa337cb5-179a-4f92-a085-e6b3c60e2854,5a1ab9a3-1983-4021-9557-d3700a276746,audio,food
585,46219a74-c2db-4479-a96a-d3ee54d1ea7f,47def058-01cc-478f-9830-eaddcccac633,GIF,soccer
586,1cd59d79-a2ca-4a99-92aa-2775117c4589,b870b764-7447-4990-a8d4-024d33e0e67d,audio,science
587,d374af60-1487-4ee4-ac6a-fcc59ae6ea45,132b1407-16fa-48f8-8112-3e426974bbb7,photo,dogs
588,f6fed2d9-0e25-48b8-bb76-f7cb0667553a,bf721d00-4fa1-44b1-834f-4730cd51aefa,audio,soccer
589,12c49449-a896-48cb-a33b-47e8952f23a7,f8926cfa-7036-4929-b5db-925c26daea1a,audio,fitness
590,e949f4c9-81b0-44dd-8a69-0c233134bccd,07f4dcd0-2bf3-4f21-9da3-b054b511ae00,audio,culture
591,c2640cbb-d9d4-424e-9ef5-a4c972ea2f09,ef147ea5-9696-44d5-b6c2-a43f62fd8ce2,photo,travel
592,1735c0ee-4834-4428-8e6c-014e8fd44bc5,330ded4b-db65-485a-80a4-6b3bffd33067,video,technology
593,fdca8d15-966b-4825-8133-1fafc5c1f9fc,0f21b6d6-7be6-484c-9698-d851ad7d43c5,video,dogs
594,e1da66ba-31f3-46af-aaa3-a183e3e7eb56,b8c653b5-0118-4d7e-9bde-07c2de90f0ff,GIF,veganism
595,a372b4b7-6bac-4302-acee-745aa34ff4bb,f50ac030-3af8-4e07-aacf-dccff353b8f6,GIF,Studying
596,116451da-4b67-4bcb-b43b-b19a914e0d36,31d378e7-9e95-4e8a-b564-7fd346027dfe,video,food
597,c39f187c-932b-4403-ba6f-e081b235dbd4,b3e73328-3638-4913-b7ae-3a6a64c1cd62,video,travel
598,fc462e49-0f19-4601-9f92-a31c9542887c,0a1cde57-79ab-4c61-b664-1d3b290b43cf,GIF,education
599,48fd48c7-bc82-414e-8941-aa2090183aec,85eca06e-b8db-4fd9-b083-da47572c40b2,photo,dogs
600,0fbdd670-a266-4805-9bbc-c5ad73cf97b3,63e1cb43-d3dc-491a-af16-209c1c152c44,photo,technology
601,87958932-6baf-4339-b01b-6112d9b180ed,5ff89fb3-b364-494f-b62d-07097b2ffa12,audio,culture
602,2f246c65-25f0-4144-b3f1-a180865b1766,ed3494e3-695b-4068-a725-09c6cdf92d63,video,technology
603,5403a041-447d-42c1-a9f2-3c525449b3b8,f7785ec1-7383-4815-8206-80de7c05fdf9,video,public speaking
604,e57d3bd7-da38-492d-a87d-3a643f61fd9c,23cc47ff-e5cd-4915-828d-258aefce5a14,audio,education
605,1d8fbfdc-3c0f-4fbf-ac50-f812ce9db36e,0a1cde57-79ab-4c61-b664-1d3b290b43cf,video,food
606,b0cad7dc-6333-4160-8e7f-425182eb4e29,2f112802-2501-45b5-a9d9-470cda6ef23e,GIF,dogs
607,70047f87-af62-4674-bf30-a03c9ee9db09,b143cd2b-20b1-4e9c-9bb7-cfb359b33d01,video,food
608,0f254679-b92b-4a2c-84b0-ba6f84f59a33,132b1407-16fa-48f8-8112-3e426974bbb7,video,veganism
609,26a2a058-3806-42ef-b1e4-24c6b64f9bdb,31cfc138-cec0-4176-bd6d-79c4cadbb1d4,audio,healthy eating
610,d1086f65-a34e-4694-83a8-df971a3041d0,4ef2c812-b152-4a72-a443-f4ff787d7b0d,GIF,technology
611,b62831cc-7447-465b-9c58-1fc659b17310,76a034b7-e163-4735-a15b-b0ff645ca627,audio,animals
612,2e866dc0-7c14-4e2a-9edb-9ccc1d1bd048,542041fb-f361-4353-b0f0-442c1585317a,photo,culture
613,f9c0a47d-c96d-4457-a1be-aa7642ea38c1,63e07d14-7bed-44b8-9cf0-4a7e9b2a99ea,photo,culture
614,b3c0379a-b71a-4f6f-9fde-ceb636739633,054b5d2a-7ee3-49c8-912a-1cf58389ae60,video,culture
615,02fca291-d239-4303-8725-1c114be2f32a,d5b6f279-ab5f-4391-b92a-c8acc8ceceb6,audio,dogs
616,af8ab833-e28c-4451-b7f6-83f3953d556b,ed1c744d-8561-4b41-b83c-7bf554fbca97,photo,dogs
617,00d0cdf9-5919-4102-bf84-ebde253c3cd2,fe224147-e893-4178-b46e-b12f22bd7ed1,audio,healthy eating
618,7cb131be-2e2c-4c28-9e88-66cec9d34e4f,d97f6964-a2d4-4d55-8f3d-5b4aac2f569f,photo,technology
619,87bf6cd4-f955-418b-aa84-9bfffcb4abeb,26c9a1fc-78b0-460b-8931-cec1dc87aa0d,GIF,healthy eating
620,80f6df7f-517f-4f0e-b6cb-004d61ad2bc8,877ce8ba-564f-4b86-9cdc-94a93d9a7997,photo,animals
621,072fb6c2-1505-408a-a35d-f0c4ffaf2696,cafa0d07-63be-4b5b-bc7f-c4f4091d403d,photo,fitness
622,baadf2d9-ab5b-458d-a3cf-37c39a69be50,72f7f84c-5bcc-4380-81cd-3378ce0a1b32,GIF,technology
623,c2373565-f5f1-415f-9786-49ff558c7739,5c433d28-dfb7-4456-a468-dc3705147ce0,GIF,soccer
624,cc253c91-6df6-4de5-ab4e-6d1127620fd6,fc17ca61-7c66-4ceb-8504-32f58b438b45,photo,science
625,b0fbee80-d1fe-4be5-9a32-47f61e395669,2ab641a8-6ad4-4d1a-8511-d87ff5346773,photo,dogs
626,327dd631-2d6b-4acb-b0a7-804cda5009b2,225f147b-0951-40a8-96fb-2ceba9f3153a,photo,cooking
627,0c6e8e2a-7692-4490-b545-f76b0d06697a,66663a0d-856f-487f-a2a2-258af21ab3e5,photo,animals
628,9476189c-8342-489e-985c-81de9320f527,ae600af5-c1f0-4b1f-adb0-1b4c246373e4,audio,soccer
629,d539c60f-9967-44b0-a11e-26d5dfa43884,66663a0d-856f-487f-a2a2-258af21ab3e5,GIF,fitness
630,410c757b-918f-4c71-892b-2e6e7697bd86,c5d04879-87bd-4950-9e63-334382ef53af,video,Travel
631,51577f6a-e29e-4ed2-93eb-e7bd4eda800a,e69d9ade-20e5-4e31-bc70-5a46556c530f,photo,dogs
632,a52f38d8-1c2e-4adc-b451-01c49f650195,afab7336-04d3-45fe-8917-0327c56e7435,GIF,healthy eating
633,140a5163-66d8-4a11-8d4e-a670483bb852,8d3661fd-d953-4c1b-857d-82b3e34f569e,photo,science
634,436536b2-6d05-4e20-af6e-cade48b4bcf9,1798905d-6c3a-4e5d-a9d1-ce429b1260d7,audio,cooking
635,9c55917b-055c-4ae0-b044-cce9fb89bfa9,fe1c151b-1a95-43fa-9a4c-f3214adba852,video,soccer
636,5e813176-850f-4791-a750-4961429c2458,72d2587e-8fae-4626-a73d-352e6465ba0f,GIF,soccer
637,efda0319-e547-484a-84b5-c5041a57502c,22056f9e-4654-44e9-930d-2fabdeb80f95,photo,dogs
638,a881e5c8-4f16-4823-85a8-c595fe220385,241d5c6e-06c7-491b-b23e-f8d6ddc0240a,video,soccer
639,520450a4-c852-4a4e-9383-30657dd07533,de050611-e926-43bb-b1ea-502d8bd25bfc,photo,public speaking
640,15dc9c91-11a7-45d6-ba68-107e6d4dcf7b,7246fed1-8725-4dbb-bccd-5451346f122d,audio,travel
641,c2fbcf27-369b-4385-925a-ca2eca1403c1,9ed68c70-13fd-4346-808f-2665943c46d6,audio,culture
642,10683ab8-914b-43ae-ad2d-b2fd6a48dc33,73a9e869-62a6-4508-b146-20dc9de19276,audio,soccer
643,b70b6e70-0a64-4bd1-8704-b351821556fc,61d88e0e-c0e7-4352-85ad-555e464ff933,photo,culture
644,431c5aac-aa89-41e0-99e0-92d237ca9408,fe0e2711-bad0-4a0a-90fa-b2d9e8c773a8,GIF,technology
645,4e563460-68bf-461f-8de2-4d27eaacac2b,d97f6964-a2d4-4d55-8f3d-5b4aac2f569f,GIF,animals
646,d0f8e229-c57e-460c-a08f-59672c606151,ce9b41f4-625e-4868-83d1-6b53767a8af5,GIF,soccer
647,6a30164f-28c3-4d10-b928-66585a85cbb5,2af7f476-41b6-4147-aac7-0bbcb5043895,GIF,soccer
648,2387f014-e650-4df6-8daf-a9d863c10c7e,e6a52b6a-20ec-4b09-bbb7-4a1138014985,photo,food
649,bead7e6d-0e1f-489d-81b2-d006a67b5b33,c64c5004-6ab5-4faa-9fcd-8039fe57799d,GIF,science
650,9c8be342-6cff-4d80-bf94-fd0fd8ccd845,b9480379-4b96-412c-8dca-96fff9ae81a3,video,dogs
651,273cb565-8c43-428e-bd2b-46ae0c2ae046,66663a0d-856f-487f-a2a2-258af21ab3e5,GIF,animals
652,5b71c62f-2c89-4d19-991f-65fedd0b52fd,5d04455b-a95e-40d8-bcd4-8c485777c47f,video,education
653,d624685f-99a7-4aee-902b-283f5cf85ada,13f0db8a-152a-496f-a6e8-1ed6a90b8788,photo,studying
654,965a00aa-3037-4ea6-b6be-26f6fbee029e,f50ac030-3af8-4e07-aacf-dccff353b8f6,audio,public speaking
655,79dfc9a4-42c0-42a5-abe4-2b5d3b8a05ab,334e2fe8-6f2c-424c-8ed5-12c99f048722,GIF,culture
656,84a81261-6334-4ba5-978d-26a45d28a44f,48e26178-5cdd-4568-9990-d3bc5937910b,audio,animals
657,595037a5-5e9a-42f6-8f50-a55827dc41ac,72f7f84c-5bcc-4380-81cd-3378ce0a1b32,video,animals
658,22cdf77b-00c8-41c3-ad59-333c3e751e2c,c1e01541-7508-4712-a22c-0370f232a41e,audio,fitness
659,28b8c278-a125-4295-98dd-5f8d45c3200b,07061727-dc05-4411-ab78-79f95b1869a9,photo,tennis
660,e1792fe6-28e0-49fc-8b01-0e027461d8b5,6fb7ead6-71f3-4f57-94bd-18111fbc5e1a,GIF,technology
661,0c91753a-0bb4-4b77-a919-96c2f998ad91,5ffd8b51-164e-47e2-885e-8b8c46eb63ed,GIF,fitness
662,fd0a3090-6b89-4c4e-9192-1aa4db213a3e,9e9cf8e7-6731-47da-bc0f-3a487e835586,GIF,cooking
663,9a25d0c6-1134-41d2-abc4-e893c41363bc,9a5c1dcc-d26b-4303-b487-3075e7d34e02,video,science
664,2f5dd79a-8884-4086-ab6f-00b3bea9d366,286516cf-d236-40de-8d28-7d0bd173125d,photo,cooking
665,5a0b2edf-78dc-4c4f-ada9-464523b52f12,ffdb3615-516c-422f-aa24-a137e3027d3a,audio,Fitness
666,37ff78d3-d31c-4bde-95c6-83390749a367,f7d73e35-248c-4369-9e4d-1f38bea06a5f,video,fitness
667,d86a1ec9-a883-44f8-b1ad-2a182c741fe7,002cd824-10f2-447c-8d1c-940325a1cdf4,GIF,public speaking
668,dfaed54d-123d-46c6-8a86-dd11c30e4ca3,c07fd88f-9e7b-47eb-8477-8fcbffb7c5c8,video,fitness
669,cbf66fdd-cd86-4517-8081-181e45f13823,23483ddd-e43e-4c5f-a1b7-5392410aa8d1,photo,science
670,18cb1ce7-fb66-4a56-8042-e38c9593ade1,a58444bc-a23e-40a1-b09d-0f90bd5cd6b3,photo,animals
671,d0c1d7f4-7735-49a9-ab6b-2cdb2338a609,941db1b1-270d-47f8-8a96-43f5a7481f03,GIF,travel
672,f3e8d168-6fb9-48b9-8347-b35595162c1d,5ffd8b51-164e-47e2-885e-8b8c46eb63ed,video,soccer
673,781383dc-f5ff-4d62-87df-c3557f5eced9,acfcd174-178c-4af3-8118-5be702fb80cf,audio,technology
674,efffd88f-7ddb-4579-bbf2-e3d248c122b4,9d0a0b94-b081-40d7-bf56-6f8f4750dbaf,video,tennis
675,f9e9544e-16b5-416f-9aec-80a723d1e64c,877ce8ba-564f-4b86-9cdc-94a93d9a7997,video,culture
676,43830153-4c89-4502-a7f7-bedbc08cf903,6ecb39b1-8f85-44f1-b2f3-0cffcba4d731,audio,fitness
677,43ea5509-7ff1-4150-b263-d5eac9d6f69f,7240bf9b-7424-4c04-aab1-1d7aa39964d9,audio,dogs
678,0be329af-19d6-4a34-8bc1-f4391e9877dd,80e03bc0-fc8f-475b-a4dd-870844b7a313,video,dogs
679,99fcc8a6-550f-47a1-b312-aba8a031f6c7,084eb113-0d87-4ae5-891b-2ec7f1e194a8,video,travel
680,7cbe1ddf-f81e-4597-be11-420b4dd815dd,ba55c3a8-5ab2-486a-8c90-b972117453bb,GIF,technology
681,aafa015b-7447-421e-91bb-b64720402d9e,85a3acae-0e71-49f4-a6ee-13d3df1f4962,video,cooking
682,72167d71-578d-428f-af6d-5a8a92e677af,4fe1900d-5e78-41a3-88ed-18e6889c6c77,photo,animals
683,b0dd04df-83a1-470f-80ad-bb173a5e44bc,ef629f00-391d-4a79-af74-77a9afdbbd41,photo,cooking
684,5f87a730-589d-48fb-ab94-e69274d7b89e,1879b698-1639-438e-a07e-ddd735f8d57c,photo,food
685,e221de96-8536-4782-8281-f9cda62f3c81,48bed4d7-0329-472c-96d9-b23a103eb834,photo,food
686,74622897-59cb-4cf4-8ffe-3a25aeebc234,fe1c151b-1a95-43fa-9a4c-f3214adba852,GIF,fitness
687,09f5578e-6cf1-4e80-b102-7aae7b9d5d67,225f147b-0951-40a8-96fb-2ceba9f3153a,GIF,studying
688,f86dae91-1330-45cc-8353-32839ea82ba6,0c347562-ce55-450b-91ab-0707662b36f5,photo,tennis
689,bfeb6117-9179-469d-9ea8-8f41a251a5fc,4cbd005f-69d5-4a83-9947-7009f69c0e7d,video,fitness
690,1287b5c5-604b-462b-bf77-e64a8e89739e,2026ccb6-77b2-494c-9b6b-a5d32aa86776,photo,studying
691,f0a10ef0-89c7-46b0-828a-e9eec53a8cbe,561b08d6-1084-4115-933d-db3e60edfd8b,audio,education
692,a6cace19-96eb-40b3-b6fb-2a1a4e444dde,17bc2431-754a-46e8-81e2-32820d3fc612,photo,cooking
693,1b7d1f70-21dd-483b-b395-e15f4c2368f1,15cf4392-8541-422b-8957-a9c0380c11d9,photo,animals
694,27e2cea3-b408-4e66-801b-29fdf7c03b05,3a80467c-0f1f-49ca-b904-1938ea2177a9,photo,travel
695,c6616e7c-f815-46d0-9b1d-d7ea977f5d32,40e643fb-369c-4ecb-beb7-810114f331fa,audio,technology
696,846b8dcf-d2d2-45e7-816d-7dd62d4fbbe4,98511140-45c4-4faa-9962-fea5ad618ea3,audio,culture
697,3fc1f583-ce7e-4cfe-b891-d16976953fda,3954373b-2411-4d3a-98ba-03bafc1a1a6d,GIF,science
698,5d3d5107-2404-4fb8-a9b6-3c8428492f64,104c4dcb-70d5-4d87-b5b5-8b67205891fe,video,studying
699,46c69019-89b5-4a13-9b8a-2942ca22837f,79acce4b-b991-4a68-b762-d496686a4f32,video,science
700,2c043e74-63e2-472b-a31a-6ea060febfc1,7be6e8bc-39b0-4035-ac93-1df8fd7e1928,GIF,Education
701,6b2db46f-f733-4b56-af09-0ed7bb232ed4,b143cd2b-20b1-4e9c-9bb7-cfb359b33d01,audio,animals
702,461cb0ce-0b43-4f13-a8bd-847fc6428c6c,7adafb3c-7c7c-492b-be5b-5ddd9ff1316a,photo,fitness
703,7df4b13f-c41a-4c81-88fb-213a6a96acc5,0873e9a7-234a-4096-a92a-8dc7a03eb0c5,audio,culture
704,7df08397-b59a-4973-8c62-fc5d4c36c08a,f86853a2-acda-4319-a50c-03f014248042,GIF,veganism
705,28fc1e6d-eae9-47de-af11-11ad726b2a88,3f2d07e5-3604-4873-9737-bb44340773d8,photo,cooking
706,7e9865ec-7455-4b39-89f7-92e2a82d0f12,ded166ee-173b-4a56-bc6d-464c35709670,GIF,education
707,b6f447e5-0a89-468a-8ad2-fd45676170d5,4dc7482d-e44b-47cc-bc27-7bf663497997,photo,veganism
708,292051b5-b835-4a60-962a-bddf10da82bd,311d7214-711f-4f66-bc9a-e835fa54ffb6,photo,technology
709,088e2e43-61a8-475f-a3e6-061f626b0f16,1879b698-1639-438e-a07e-ddd735f8d57c,photo,veganism
710,bb6c0257-5d4d-4bb8-be58-4bd7ebd9c337,7d624010-a0e7-455b-a606-48c5c467dd80,video,animals
711,02664d35-87cf-46a6-a80b-78fbc9ac8b2f,69fcad9e-45a9-4189-b7e1-96b26c57c542,GIF,science
712,e0cb0394-c5b2-447a-a9f4-88604a3ec283,92423e9a-4e8c-49bc-be75-c819912696ce,audio,public speaking
713,ec6c41c9-509e-43ff-83bb-0e5202b8e62a,ef56931b-540b-4166-9090-73ae48ac8d97,audio,education
714,e17bade2-3175-49eb-92f4-7f2eac74147a,1582dac6-ebec-43ed-a34a-1a202ca72627,GIF,soccer
715,3896723f-560c-4008-9635-e3ecf1e2b37c,f62c96d8-5b1e-45c6-8a65-b36a9387827d,video,cooking
716,a048f504-f428-438d-bb91-f1ad562ff5f8,89572273-761e-46f3-8b99-1689d98aac90,video,public speaking
717,9c6b0084-60ba-4e88-a0c7-ba0f61ec2c11,e09aa625-3db7-49bd-be09-9aaa0c86a8bf,audio,cooking
718,ef1ed168-7433-4233-ade8-95070d70a382,922d93a7-d56a-4e74-b1bf-1e7bab42dcc4,audio,travel
719,bb157107-088c-45aa-8d16-5c093a7471c6,3b751c3f-bab7-4b2b-a95f-10d57c02aa6a,photo,culture
720,45630f5a-78c1-46a1-bdc7-79cd11bb3c13,3956593b-7739-426a-b7a5-e841c95a5df9,photo,travel
721,79818849-98f9-4b6b-9be8-4ed4c1ad59a5,40e643fb-369c-4ecb-beb7-810114f331fa,GIF,fitness
722,579d5149-3549-4757-a0c4-545821236fb0,d97f6964-a2d4-4d55-8f3d-5b4aac2f569f,video,tennis
723,475541da-3402-4d0e-9df5-0da198f8fc9c,4bc62825-3109-4796-9465-1bf853165347,video,culture
724,ab57fef7-f7fd-4950-9fe6-5ce2677cac96,31ff6616-c1dc-4b9a-8091-0b4d0cac25b1,GIF,culture
725,dc1d4628-4edc-47c2-8da7-0b3d16ef5ddf,bf970f55-66c1-402d-a5d7-f086421516c9,video,technology
726,17e3a8c5-ecb6-445d-8b69-f8c202d08549,69532ce2-1ffe-4187-8042-0230d115b24e,audio,cooking
727,df06cdab-afc8-4965-9b10-c270b0cafedf,e2377b94-f06a-49ed-a266-377c4b07e980,photo,animals
728,8ec8db61-8bea-440b-88ee-f1f593eb4a7f,56b8948a-68bd-425f-b842-eabe6bcfacca,photo,education
729,c582f515-4d90-4ae6-9ab7-059fdbd7956c,b827588c-31b2-47f3-916a-a1dbf7987f50,audio,technology
730,6082eb46-c239-40f5-bfcd-fb72b823ee71,fc17ca61-7c66-4ceb-8504-32f58b438b45,video,healthy eating
731,59523d44-6113-46a5-a85b-38de2ce7bfa1,311d7214-711f-4f66-bc9a-e835fa54ffb6,photo,travel
732,e6c8f317-c8a9-4b1d-941a-4cd5420a138b,7a85fbc6-253f-4552-9f4a-c1a332e14fa5,GIF,science
733,9c066976-30e0-405e-9973-5c4342271a70,1e571af5-1796-424c-b744-a925897d44a3,audio,tennis
734,1934a201-0590-41af-bf40-5ddd6254d744,fc17ca61-7c66-4ceb-8504-32f58b438b45,photo,education
735,279fdb2b-e9ca-4531-b55f-c8fe294083cd,47def058-01cc-478f-9830-eaddcccac633,video,Healthy Eating
736,2297a93f-370d-47e7-8df3-3d464b3a0c0a,15c2ba5b-eeb6-4d9b-a0e2-7d5461a21c0a,video,healthy eating
737,25290b06-ca05-43eb-8e54-e345a41ddba7,e09aa625-3db7-49bd-be09-9aaa0c86a8bf,photo,education
738,0411a1da-97e1-44b6-945d-06b4682ba802,afab7336-04d3-45fe-8917-0327c56e7435,audio,technology
739,ef802d01-6269-4d21-9159-f1386c75e789,225f147b-0951-40a8-96fb-2ceba9f3153a,photo,technology
740,ee18c383-1e7a-4507-9e78-1061da09143a,19fa2bc2-96ab-45b6-99de-1995c2bee330,audio,education
741,ee0988ef-8656-4a63-9515-a2533b772636,98511140-45c4-4faa-9962-fea5ad618ea3,video,travel
742,3fe1e6e6-6d1d-43f5-9c25-7d0a1c14744d,bbe8f83c-af9c-4dab-b5fa-7925822e450d,video,soccer
743,8526d7cd-bf33-4bf4-aa07-2c25c610cc74,3956593b-7739-426a-b7a5-e841c95a5df9,audio,dogs
744,df2214cb-61f3-4744-86a8-7c01e501bc27,acd90ee9-84cd-465e-88e3-f128dd0cc1da,audio,cooking
745,b15792cb-995f-473e-8372-5cbe88eb059b,a710ab29-b72a-42c8-a79b-42e63d4a8bfd,photo,travel
746,881d8944-8eeb-4439-b40c-9396a1e31f20,2ab641a8-6ad4-4d1a-8511-d87ff5346773,photo,science
747,4b2d0fff-3b4f-43ca-a7df-c430479cb9ba,987b33de-7307-48c1-b34a-6c6806d7af67,video,soccer
748,fea8d77c-fd0b-4678-868f-fbae567642f3,d4dc38d4-5c80-428f-95da-b746a275531c,GIF,science
749,8945e374-9170-4799-b6b0-78fd9d5821a6,5fbf758a-376b-472c-8aca-a87ff1db3e6d,video,studying
750,b0782637-2604-40f7-8fc6-5e7d9ffd2255,c1e01541-7508-4712-a22c-0370f232a41e,video,cooking
751,55f46794-426f-441b-bb60-53b5e6beebc5,953cb190-5704-4926-adc2-057c6f3e3cb4,photo,food
752,e61a1b04-17e4-4918-a637-ebfc59783ad0,fe224147-e893-4178-b46e-b12f22bd7ed1,audio,fitness
753,343362dd-20e1-4b98-ad23-e3d8d497f98e,bfe23c39-f814-4282-b0f7-506cd8295b8a,video,travel
754,d39b0a7e-ce14-4ad4-aa9f-5aefc827f9e6,d2e48a3d-aeca-4b36-8550-f8cbb10d09b8,photo,veganism
755,98169c04-79b1-4702-82af-ac0fa461e044,b1ceae0c-016d-421f-a6f0-488a7857f9f6,photo,food
756,f663d05c-74ce-424b-89f2-58009b0095fb,9ed68c70-13fd-4346-808f-2665943c46d6,audio,public speaking
757,03750ad9-8d8e-4f8c-aec6-8766c9a0184f,fe1c151b-1a95-43fa-9a4c-f3214adba852,video,tennis
758,9ab406fd-4431-420e-b650-6c16714089bc,a710ab29-b72a-42c8-a79b-42e63d4a8bfd,audio,studying
759,845fe8d4-bffc-485f-ae96-fd8fe9ea013d,108fc1be-9c15-440a-9cab-634c3f414dcc,audio,education
760,01f310fc-5692-4cc1-a7bb-fc62977d79bb,eff1e86a-8ede-4a41-818b-9442e3181ee3,audio,tennis
761,4c1ae4ba-078a-4720-aff0-817c7d549387,72d2587e-8fae-4626-a73d-352e6465ba0f,video,cooking
762,964173f3-7019-4758-9ab9-df71585aa965,ce7c338c-cad4-408f-895b-510ca73a388b,audio,veganism
763,fa60edda-2d32-42ab-905d-2f5de379c461,98411adf-cfc0-400d-aac8-e215571ef3f2,photo,fitness
764,d5ec7de3-8c02-4f17-a9f0-dc8a9e64fa1a,248a8f9f-10ac-4786-adfb-d0c3dd4e4b97,video,soccer
765,964a54b7-7dc7-40b0-bd94-9898b670f9cd,15e325b1-c221-4bf8-8010-18d76b03646e,photo,science
766,37331f8d-4fc5-42f6-a367-e59ccde67c45,a1a9c0bd-785a-478f-a19e-9eb48fae0bd6,audio,soccer
767,8f4cea30-10e7-4806-8c01-d78ef6bcbfa8,fe15963d-0a77-4247-9bc6-04e146b826b2,photo,tennis
768,cba3c646-6b10-43fe-a1af-a0276815288f,4bc62825-3109-4796-9465-1bf853165347,video,travel
769,80bf3ac3-e94e-44cf-81ef-345a8326802c,624db443-c716-4227-ac84-a6f7c3a59162,photo,veganism
770,6f48fe2b-7c20-4065-8ae9-7bea61275dc7,084eb113-0d87-4ae5-891b-2ec7f1e194a8,GIF,Science
771,c48d7966-42f3-43a6-a0b7-0a2260ffa125,20d507a0-fdba-4c04-a30c-bd18273accdc,audio,culture
772,85260ec2-7b35-4266-8071-580a8b4341ca,ade9db41-034e-4b27-befb-42117025dab0,photo,tennis
773,4bfc9824-aaeb-4695-8195-945686795b30,d71363d5-6468-44b0-b641-94c4776bce98,video,public speaking
774,a168836d-7a74-41e2-a8ae-809fa556c8a0,68724f58-bc4d-4ab0-a4e1-60cdd5e95e7d,photo,travel
775,e1eca98c-c5fd-4fe4-825f-2d36e8bd56f1,e206e31b-5f85-4964-b6ea-d7ee5324def1,audio,veganism
776,ee631766-3818-4de6-897f-2355542b58e7,aa71ef91-252d-4c99-92ad-cf617f09fced,GIF,public speaking
777,0ac85d23-c8ba-49ed-bec1-493b960a88c0,55380131-13c6-4a5c-8826-ead0ea8895cc,photo,science
778,ef619e47-1e88-4e0f-8d91-590cd9ecc137,6e98e5c2-b7d7-4915-bb20-d01a42d29dee,photo,animals
779,f65dbde9-c8dc-4851-927e-964fa2e0908a,a6f003be-b0fd-4100-b4cc-f568a21b9745,video,education
780,019b61f4-926c-438e-adaf-6119c5eab752,9a5c1dcc-d26b-4303-b487-3075e7d34e02,photo,fitness
781,049c926f-9095-4bb2-a464-666a68257f61,1d8dfb6a-330c-4eb9-a603-364f207c6e57,video,dogs
782,5bf45fd3-6b4b-400c-a126-31b8576e1d70,80c36ce2-2cef-4a47-a563-d2a60a2b1825,video,tennis
783,8123c0ac-30b0-4a20-bebe-864b3a6b9e9a,35d6a1f3-e358-4d4b-8074-05f3b7f35c2a,GIF,soccer
784,724b9f31-8bdc-4152-b93f-4d3e457201ef,2aae6657-1214-4119-8cde-6b0dc5cd5529,audio,animals
785,6aa06c00-d796-43c3-816d-70f21fe58f80,0a1cde57-79ab-4c61-b664-1d3b290b43cf,audio,science
786,3f6b1a9d-db78-4d9a-a495-9de7bd9bbe5b,1a1be722-70b0-47e0-a737-1700cffa1e6d,GIF,tennis
787,96ece45a-89e4-4cf8-b216-c860bf8e158e,beb1f34e-7870-46d6-9fc7-2e12eb83ce43,photo,food
788,5efb3710-c34d-4dc4-84dd-31cd8c5d9c30,1ea3d5d6-7e6d-4554-b31d-ea31dc2150f9,audio,animals
789,6912f8e6-86b7-44f6-8aa8-c21c2ed0b53c,e6a52b6a-20ec-4b09-bbb7-4a1138014985,GIF,food
790,4dd4da35-453e-466d-95ca-b1a7710fac1f,ad4bd878-55e7-487c-a4db-470b23bbd832,GIF,technology
791,f47074e8-5189-44ac-82f8-4309d63650b4,2ef20e99-8be8-4ab6-a817-83991f7a0fa3,audio,culture
792,15e13281-8bd0-4f40-a0fa-44749cf32378,92c3576c-8634-42a8-8005-6e1ff8c207e8,video,dogs
793,31cbcaf1-75f9-4541-abd6-15723478047b,45064aca-5e28-4b1f-be64-202fc5e0daba,photo,dogs
794,1bbfe52f-37e2-4874-8422-161a60b331e1,9ce133df-bd87-4559-96d7-a402add824ca,GIF,culture
795,94f8ffbb-d888-4713-8cdd-ea57466d88b2,cab84c6a-e342-43ab-85a1-9c6ac1e93bac,video,science
796,6e71ed3d-3fba-4bd1-8de7-2798dec6431e,e79a2e98-57b4-4469-8da4-87f338460d42,audio,studying
797,c3d1c36d-2ad9-45ce-be49-51c103351e62,0873e9a7-234a-4096-a92a-8dc7a03eb0c5,video,travel
798,b38723f3-878c-4308-b173-14f03639d9b8,7240bf9b-7424-4c04-aab1-1d7aa39964d9,video,travel
799,942c5154-791e-47c0-bfad-264a3d6296eb,54a8e072-5369-4122-9189-43b55e1a4ba2,audio,animals
800,e1eb9e92-2e08-48b0-8be7-a2a98048aa08,2dd186bb-7a28-4e80-99c7-f1936afc7b49,video,public speaking
801,44eab5ca-b4a4-46c4-977d-197a78551861,427fa55b-7f49-4981-bcd7-59fee8efb512,audio,technology
802,a739e02a-5d83-4e0e-b306-740652cf700a,425b7021-0409-4358-af39-2bff14197d0a,video,science
803,004e820e-49c3-4ba2-9d02-62db0065410c,9a5aca53-6263-485a-bf77-e60c4608fd26,audio,tennis
804,7cace87f-53ff-40c0-99f5-abbc5b8f86d6,c5d04879-87bd-4950-9e63-334382ef53af,GIF,cooking
805,8b1bfacc-00fd-4f6e-b647-6ecfe2b7ce69,2a41e628-4cc5-4765-af2e-8b3dec750c0b,photo,Science
806,6dbfb67c-e619-414b-b016-d24da6cbc294,fc17ca61-7c66-4ceb-8504-32f58b438b45,audio,public speaking
807,25c36533-1de5-4d82-879b-86180503cf8d,9fbae7e6-65a9-4753-8db9-5f7855b6a540,photo,travel
808,c9b2829f-278c-4acd-a895-cf0bd337d36f,b7e4b060-7b74-408f-b7d7-67a5e1dbfce3,video,fitness
809,a861f7e7-b2f5-4d86-966c-7503c8faaeca,92b87fa5-f271-43e0-af66-84fac21052e6,GIF,animals
810,56b0b1ab-a07c-4379-b699-80ccc8689c85,4607d7b0-3313-49b8-9f73-5b8227fc5b67,video,culture
811,6c8d057d-756a-41dd-afef-bf73adffbdf4,dcc6000c-ba92-472c-8bc1-9e9ca30b475b,audio,food
812,5d915af1-3cc3-4d44-a0ff-d170a008a5d5,274ac4ac-395a-4f70-90e5-9771ac3db11b,video,education
813,f6055aa8-0c90-4e92-a8a6-7d046f35acd4,330ded4b-db65-485a-80a4-6b3bffd33067,GIF,animals
814,59f7eb93-7ffc-4627-98a6-9ecaa5e35206,3956593b-7739-426a-b7a5-e841c95a5df9,GIF,cooking
815,990f1598-4dbb-403c-a5b2-48de2c30b1ca,c5d04879-87bd-4950-9e63-334382ef53af,audio,food
816,fe06b730-b1f8-4f55-af1a-52487d8f1ec6,e206e31b-5f85-4964-b6ea-d7ee5324def1,video,animals
817,92c1fcb5-5b56-4780-85cb-0c4858b39b3e,72d2587e-8fae-4626-a73d-352e6465ba0f,video,travel
818,0701343b-6105-40e4-b275-7f3d292b9e20,242a3620-fc18-4120-ac72-37b0f3716879,photo,tennis
819,451b228b-9d66-45a4-b6fa-46c502562b5f,4ce3f877-96ea-4a37-8107-1176126d9d97,video,healthy eating
820,c9082d3b-6f2b-4057-a0b8-3538a247982a,7adafb3c-7c7c-492b-be5b-5ddd9ff1316a,GIF,healthy eating
821,1dbed432-50e6-4955-9ac8-798fb60b2f0e,85503a94-e733-486e-989e-12ff9b59f2d3,video,science
822,348efc5c-f887-4cfa-b165-0dda4da85291,2c32ac39-926d-4473-801f-5733222ad74f,video,studying
823,7c47e333-da29-4be9-8156-2e5f75a991e1,1ea3d5d6-7e6d-4554-b31d-ea31dc2150f9,video,dogs
824,f1836624-ac23-4c4c-a868-ebf3256d6e80,e206e31b-5f85-4964-b6ea-d7ee5324def1,GIF,cooking
825,ae87a6a3-1a9e-4323-981d-b63c1f8ca2a6,ce9b41f4-625e-4868-83d1-6b53767a8af5,audio,food
826,2664a681-e732-422f-b529-02fabb6ec9ab,9a5c1dcc-d26b-4303-b487-3075e7d34e02,audio,healthy eating
827,aad272f0-2b16-478b-b2c5-c502b060fc30,346174b1-4661-4cdd-8c47-66dbd013cd56,photo,dogs
828,1dec5263-8a54-43fb-bfbe-a388d2919e74,df1e7940-d514-40aa-af3a-e742792c4b5e,GIF,food
829,c75dfa33-cd71-486f-b4e1-f5e9133ae873,a6e32004-8866-40e5-aaeb-e159c13fd42a,photo,veganism
830,0f1cb5c0-ac2a-4c8a-9fb9-115d60493247,ce9b41f4-625e-4868-83d1-6b53767a8af5,GIF,veganism
831,40727608-362e-4e10-970f-2b5a5f8c37c1,ef629f00-391d-4a79-af74-77a9afdbbd41,photo,science
832,09f2e925-5086-42ad-8160-e763396a36ca,64b82ed5-80dc-4fbb-9dfc-d7e037684f0e,audio,dogs
833,6cbac852-fec6-49e2-95db-d62edeb477d0,92c3576c-8634-42a8-8005-6e1ff8c207e8,video,healthy eating
834,445a06c1-3dea-4129-90eb-2384c0534eb6,91bec0ab-a8d4-421e-b333-e511c7c6f9a0,GIF,technology
835,abf9ec3b-1d0f-4238-a8f8-137072dab287,3af8d78b-55c4-4ac0-8161-7cc3f6ec11c9,GIF,veganism
836,60872f35-3eb4-4742-b3b0-48f15f11be66,6fb7ead6-71f3-4f57-94bd-18111fbc5e1a,video,travel
837,1b6f05f1-df9e-4ad4-989e-029baf20478f,30be2156-59d1-451e-beea-1a3690200a2b,audio,fitness
838,1a5b511a-7199-4f05-988a-1f1d0380ca11,c1c53b8c-b6a8-4343-a369-4a0595a97807,GIF,travel
839,5ac2552c-15a5-41ed-8d67-9c57bce74ebc,33c1cee6-ae56-4f8e-84fc-ee0a4b7bbf4c,video,travel
840,b5966298-63d8-403e-96ab-9a610eb9752d,fe1c151b-1a95-43fa-9a4c-f3214adba852,GIF,Soccer
841,ec69ad7c-c57b-4d10-ad0f-930ff10bf687,939dbcf5-024b-4e63-9e7e-2f15c8b346ba,video,science
842,51a9bf9c-2c90-487b-ad37-9db7f18c36e7,ae600af5-c1f0-4b1f-adb0-1b4c246373e4,video,travel
843,9c542f56-b0ec-4df1-b95e-f56e1c467813,ad4bd878-55e7-487c-a4db-470b23bbd832,audio,food
844,10df3489-3d58-4929-977c-d3e7e177f5fd,dbacabf8-7ebd-4f22-a261-59d8dad306f1,GIF,studying
845,41c97dd6-3f0d-4a6c-9083-2163e8e08e19,2c32ac39-926d-4473-801f-5733222ad74f,video,public speaking
846,e8d62710-7e3a-4bef-b6da-edaaed70c401,2aae6657-1214-4119-8cde-6b0dc5cd5529,photo,healthy eating
847,d3cc4cf1-81f9-49e7-bf5d-c0ae10a88139,5ad56e97-58f6-4e66-9b8f-5c16358a9a97,video,culture
848,95fe7e7c-f327-4a0a-af06-5a88346f8546,acfcd174-178c-4af3-8118-5be702fb80cf,video,science
849,4dca44b9-e65c-4d9d-93eb-6a24ec8950e9,a6f003be-b0fd-4100-b4cc-f568a21b9745,photo,animals
850,dd942c3f-2ed5-4849-9e2b-7484f5a4eaf4,89d6bd9d-ce6b-42e5-bb9b-ece3b338396d,audio,culture
851,8b08e78c-4798-463a-b868-a0dc9fde777f,89572273-761e-46f3-8b99-1689d98aac90,GIF,public speaking
852,b3bcbff0-d160-4fbc-b3c6-8113ceb38056,8af596f3-c67c-4f40-a0cc-e258e730a8f5,audio,science
853,4304a382-1527-4e7d-af7b-691d976f9ad4,b143cd2b-20b1-4e9c-9bb7-cfb359b33d01,video,tennis
854,2ceee25a-8461-4409-ab41-7a72d97d722d,26c6734f-42b6-48f8-a08e-e1c3a79019d0,photo,animals
855,6407f238-511b-4ade-b77b-0f3bc8b2f300,fa16aabb-fac3-4310-b19c-ce7021eb825b,audio,studying
856,437fab54-2c89-4b0b-8d89-dd2320d83e81,3956593b-7739-426a-b7a5-e841c95a5df9,photo,tennis
857,cad4858d-77e5-47f8-a6b9-4ce2971d8656,b473e898-b7b0-4a57-959d-484bf4cc4483,photo,cooking
858,a4f6b4c2-36bd-4232-bef8-66577a601163,1ee25417-3648-4220-9b8f-fc82d1ef450c,photo,animals
859,f298ed7d-2aa2-4231-9523-c4013cef24c3,8665a934-dc22-482b-9289-2e2c9d6a4095,video,veganism
860,8838fd48-05c4-4b57-a192-35e9ff67f9b2,7d8c8c77-77a8-4743-b35f-349c0ac07866,video,soccer
861,01396602-c759-4a17-90f0-8f9b3ca11b30,104c4dcb-70d5-4d87-b5b5-8b67205891fe,GIF,tennis
862,3ca5a22f-aebc-4421-a960-d787d732f1ec,90e2caab-9daa-4bf0-8104-c25e6c70c59d,audio,healthy eating
863,7bbce877-eb47-4ad3-9a57-7ec4a0190f1b,c8145b49-3841-466e-9d49-a636ce2e7d1f,photo,travel
864,e3107f22-f36a-4d88-9fca-1b842e141db8,ac4e6ee0-d1bd-4e6b-9355-7567b3e3ec5e,GIF,food
865,b3b384bf-3a17-4ccb-ba86-583dede8fe3c,b7fb2028-4cfc-440b-a1b1-4101f12f7abe,photo,education
866,b9ff65d6-b79a-4f9b-8745-10088ddf9934,2dd186bb-7a28-4e80-99c7-f1936afc7b49,video,animals
867,3091e63e-1355-4eb6-9fa7-5c6e75f1d3b8,9be473d9-cfdf-4954-bae2-09b0555a8ebb,GIF,culture
868,0c2bd955-f00f-4c2f-8999-7cc0ada4b3e7,ade9db41-034e-4b27-befb-42117025dab0,photo,animals
869,4ad4b955-c65a-467d-aa27-1ca804d05170,6fd58dea-315a-4ab2-8023-424a6ff455cd,audio,culture
870,3c6354b3-7e8a-4d8c-bb80-33f17c17bd32,c3988ef2-7e28-4db7-8981-c69f61a3bfce,audio,cooking
871,8caec934-9519-47de-8dd4-b6d65e279661,78703a69-8edc-458f-b0fc-85d96501dcdc,audio,public speaking
872,9b480f9e-cef3-46cc-8ea1-c116cded9661,c76c3393-88e2-47b0-ac37-dc4f2053f5a5,audio,public speaking
873,c24a56ff-256e-46eb-9936-a6284451fc61,f25dc445-de4a-47ee-92a4-0ff29c56656d,video,studying
874,fa3a6a40-59db-4027-b8ee-89c79ecbee7f,de1d478e-3552-4223-b039-d3086cc485ec,photo,cooking
875,9a517a10-7dd2-4a30-b67a-925569d9ed84,1879b698-1639-438e-a07e-ddd735f8d57c,audio,Science
876,4b6d1c04-e75d-4e96-b5f7-f49c4af8d89b,a81df767-7da1-4844-b63c-fee4c9c7895d,audio,veganism
877,1625c44f-2a9e-46d5-abac-59ec211322a4,122c3e03-0a96-4d62-9d17-27f8e2b6ba58,GIF,tennis
878,f43114af-edb4-4629-bc15-7a483cf3eaf4,9a5aca53-6263-485a-bf77-e60c4608fd26,photo,technology
879,295ff9f6-64f3-4704-9272-4a932f11d709,48bed4d7-0329-472c-96d9-b23a103eb834,video,travel
880,7ef17afb-ded2-4675-9800-2cf7fe58e6b1,8f41c07f-db4f-44f3-ae81-1f99cee047eb,audio,studying
881,bfc26d2d-b5e5-415a-b104-64befef2f52a,fa3e42f0-71d8-455f-b024-e52d5c27a145,audio,food
882,2eb32cf2-da20-4b27-b4b6-c91716f528a5,941db1b1-270d-47f8-8a96-43f5a7481f03,audio,veganism
883,7f7d20ca-fedf-48e6-8364-dbb8adeb4223,7bf3ce80-784e-42a0-b06a-dbbd1e31a9b7,photo,animals
884,6519b8ec-1253-4f91-8abb-3c5a04eccd2b,2a41e628-4cc5-4765-af2e-8b3dec750c0b,photo,animals
885,fa39acec-96b1-441d-8f85-16dfb44bdfba,3e65775b-36e4-495d-9c45-28127fb3da5f,photo,culture
886,4f215b36-f5c4-4294-81f2-80e4906b197d,05782669-264e-4c14-990e-14c8dbb13bef,video,soccer
887,b6393b8b-320e-4558-8614-20a6727f2eea,94bf7864-a52e-405e-a729-9702bf79c234,photo,food
888,04e1996d-ccb3-4b19-923a-8dc2a52e4bd4,e09aa625-3db7-49bd-be09-9aaa0c86a8bf,audio,education
889,c892a472-bf81-4946-83c0-d3697ba65b95,05782669-264e-4c14-990e-14c8dbb13bef,photo,soccer
890,aa1f824d-9df0-4b4c-a49e-0cfb7e244122,7a85fbc6-253f-4552-9f4a-c1a332e14fa5,audio,public speaking
891,4ae90f6e-da63-4ce2-a357-a4b36c739b80,2a41e628-4cc5-4765-af2e-8b3dec750c0b,GIF,travel
892,ec9a2001-b58d-4a7a-86a5-f7ff637f0fe8,5ffd8b51-164e-47e2-885e-8b8c46eb63ed,audio,travel
893,0a390a93-0e59-4a7a-a12c-d3f5ce4924fe,108fc1be-9c15-440a-9cab-634c3f414dcc,video,public speaking
894,d61c4f76-99c6-4cd7-aaad-b3561880aa26,a483c273-aee5-44bc-883e-d6963157aa4c,photo,technology
895,286e2f5f-082a-4ce7-9396-db565106d5bf,24789387-968b-425a-8836-14e243cda16c,photo,studying
896,abae4f43-2356-4c6b-b51d-d2acf4644956,122c3e03-0a96-4d62-9d17-27f8e2b6ba58,GIF,fitness
897,d4012724-c8bf-4db3-8670-dfa1f630a72a,4cbd005f-69d5-4a83-9947-7009f69c0e7d,photo,studying
898,21bc3be6-6bd1-4926-8bee-c4585873851b,7dd7dec0-5758-4a6e-a7dd-27a20e57c757,video,soccer
899,8c3e8682-dec4-4d3b-a4e1-8c146f70d56f,c7b6e374-1bef-48c3-8222-cc231dbd5cce,video,food
900,bc8024c3-c51e-4875-b8df-419e9848f492,c7b6e374-1bef-48c3-8222-cc231dbd5cce,GIF,veganism
901,1e1a8878-0435-4171-97e6-fddb4abc3452,35d6a1f3-e358-4d4b-8074-05f3b7f35c2a,GIF,healthy eating
902,57d8470d-e644-4fe3-b56e-33f1c626e8ea,56e65b5b-e1b4-4f67-b596-e75bf103783b,photo,cooking
903,8d7a1aff-abed-432f-a458-a4ab40324e72,caa8605b-5cd3-49d0-a680-2a6e9f3bf0a5,GIF,travel
904,f0c6ae88-c87e-4812-9713-ae45018a1f73,db0066e1-83cc-43f3-990b-983010aa5370,photo,science
905,8f82022e-2ba7-4269-ab8f-3b47f87004de,094fbe49-da84-4445-9d28-7fc5f593f5ad,audio,healthy eating
906,8891433d-d874-4bd5-a8ca-4114a4131b20,5870e611-6218-48e1-a9a0-ba86fe5598f7,GIF,tennis
907,52be2c2f-be1f-4cda-a2d6-5c147c018115,311d7214-711f-4f66-bc9a-e835fa54ffb6,audio,food
908,c4cc899d-4c35-47fd-9710-8e2dea9782c9,1ff398e4-6b68-451d-9b00-2d2a565ba22a,photo,science
909,42a0f482-d3a8-4216-ba0b-1459abf854a6,c880dbc5-8997-4f38-9055-c254b9133175,GIF,culture
910,041bf6c9-8b33-4ca0-a787-762eb8837d0c,d56c9d87-7d56-4a5e-a0e8-bbc4ddc3242c,GIF,Food
911,954678ba-9ecc-4c0c-93a3-aba0e289cfbf,b827588c-31b2-47f3-916a-a1dbf7987f50,audio,dogs
912,5fefd228-c550-4023-b767-ec8aa62de850,cb97b0ea-fc93-4597-b391-846710c6fedc,video,cooking
913,66af1757-534a-4ef9-a5a5-9d721e7c6c00,9bb5d084-0b28-4352-8591-5b5a4efecdf0,audio,healthy eating
914,2771fa81-b26c-4e11-86ac-90e85faf4981,427fa55b-7f49-4981-bcd7-59fee8efb512,video,dogs
915,3b448410-dd36-4e79-bf4a-ba07814b308e,5fbf758a-376b-472c-8aca-a87ff1db3e6d,video,travel
916,a03b3048-776e-4925-a52e-f6b1760a1be4,d0ea9a00-4ea9-4c81-b16a-a20b72f824ea,photo,education
917,56d13215-1444-49b0-8e17-3a888bcd4e1e,109782f9-4141-4d5a-826f-9a4ea672f65b,GIF,fitness
918,cda6a453-27bf-4237-b848-b27706732716,a92660de-2154-4694-a86e-88cb81c8ea95,video,soccer
919,98a7f6b9-8dd3-40c9-8c98-db01b6c80015,ded166ee-173b-4a56-bc6d-464c35709670,video,technology
920,a8160135-2d55-4240-8f28-fbee5ec84801,5d454588-283d-459d-915d-c48a2cb4c27f,video,studying
921,33696f53-ab7b-4f3e-b3a4-e0e82990339c,cfe50481-7c50-48fa-97fa-89b6f137e1bd,photo,fitness
922,50c0f441-fde5-48bd-ba40-46f23b8cf862,71519e2e-6e97-4b73-a346-cc3a91cb4661,video,culture
923,cafddd25-5653-4219-8dc7-a3eae45ea926,4baf648a-0ad5-412d-8250-5a0ff9289fbf,video,fitness
924,89e542b9-b37f-4666-9314-4535d76a2566,5870e611-6218-48e1-a9a0-ba86fe5598f7,GIF,soccer
925,c24f4499-faae-4ff0-baf1-4be6a9061aa1,4172c4ea-8fd9-4e50-bd2c-7020eab84f34,audio,animals
926,2669dbfc-65d4-4770-a916-e6507f881131,4793cc6d-be60-42cc-bfd4-7ce8fd4d0eab,photo,science
927,b529487b-160b-48cd-aacc-2741b18462c6,e377a5c2-0378-4684-b7d1-5d80e04243ed,GIF,studying
928,e3bfdd7e-d7e2-4717-b780-2fa14f3cf858,91fa7240-3d29-4dd0-baf1-ace7742a6e3f,photo,dogs
929,25c8f882-464d-4465-9ed2-e7f7706c1775,7dd7dec0-5758-4a6e-a7dd-27a20e57c757,audio,healthy eating
930,df6e9952-4e2a-488a-bb83-3a7241f30e6f,9210e8dd-d2a2-4ea7-8cbd-f37e1e8efea5,video,culture
931,4789b064-7b3c-4339-bf15-b9e38222930c,49da0743-cb4d-4c84-b6a2-537bbe7256d1,photo,education
932,77a3ac9f-7607-411f-a280-5431c71e3943,4cbd005f-69d5-4a83-9947-7009f69c0e7d,audio,tennis
933,edea43f3-1541-4e42-8419-d1cdf749025c,5d04455b-a95e-40d8-bcd4-8c485777c47f,photo,cooking
934,217f4060-b378-4d79-992f-20502d407f7c,568e7c6f-b1e9-4a85-897c-aaaaa0ce8832,photo,cooking
935,4426d1ae-cb98-45cf-8d1d-c176ef755293,dab237a2-dcc9-4322-a9b6-b2d16ee38c78,GIF,science
936,74989207-b147-4a13-89b8-f0d868dfdf4a,d56c9d87-7d56-4a5e-a0e8-bbc4ddc3242c,audio,science
937,83a995e6-323c-4287-ab41-01543ac5fd1a,3d5f257e-556b-4e19-b127-977bc5c4daed,GIF,food
938,9fdcedb3-8e19-4755-93b2-133673d4620b,4027aa31-4bda-4e1d-92f7-49de962e8da9,audio,travel
939,9489565a-a899-4693-ad48-369f86b4b862,0a1cde57-79ab-4c61-b664-1d3b290b43cf,GIF,studying
940,c056339f-7bc9-487a-85eb-aa7c6da9e5fb,bc142f57-1307-46c6-9975-8c3a1e5f540c,video,veganism
941,5656bfe4-bcc1-4426-94b6-1f9dfe9a0db4,1798905d-6c3a-4e5d-a9d1-ce429b1260d7,video,travel
942,d347afb6-c092-4301-ba7d-4c59d10142cb,8d67b1c4-cd76-4701-a908-738e7a2411e7,photo,tennis
943,62e3c102-b551-4625-b949-d589babb16d8,7b7b5825-2ae1-4119-99a7-e638f13267a0,photo,soccer
944,fbd3e09c-b5a3-4e6d-bb3c-c729d54c5f3b,23a48585-f2cf-4a20-8d30-f49361d5625c,GIF,soccer
945,37c5a8aa-d239-4b94-ae68-2754825d36ff,e43acf25-fcfb-4dbf-bc8c-ccbe16c329e7,photo,Public Speaking
946,8644e163-704a-4a99-a859-5e07fcfe3879,5b3b843e-7c66-4eac-82b6-8d6f7a19277c,photo,education
947,6547f69d-891d-4e1c-bd69-fc8735b8fca8,fd4da61a-5102-4311-8b9f-2ec57bfac6b1,video,science
948,235a0022-a683-4381-8e9e-aaf75fe90734,561b08d6-1084-4115-933d-db3e60edfd8b,photo,fitness
949,21dfb75d-9d98-4627-b074-f4372025d23f,e6a52b6a-20ec-4b09-bbb7-4a1138014985,GIF,culture
950,e4127cae-c2e9-4321-919a-be6d11636808,4cff698b-def1-497c-a78e-75058de67fe8,audio,science
951,46ebc5f2-bfe8-4ada-aed3-6265842bd1f3,cb97b0ea-fc93-4597-b391-846710c6fedc,video,food
952,b70813e7-8acd-462a-9b13-6d1258030fed,766886c9-a63a-4446-bb4a-07d611b3b212,video,animals
953,daaae2e1-3090-4f64-9d43-b4e4ffbb5c8b,8f3d5674-544d-4f70-b4c1-7b9d93371855,GIF,education
954,03ed0e2b-bd63-4079-8910-62c187526ca0,3455a646-398f-4b16-b19a-1371cdb2e048,audio,healthy eating
955,4b10bec8-9754-4f5d-b129-a4b6fa030660,c924f935-cff8-45c0-b4b7-5ed2c6cdaac8,photo,tennis
956,5dc325aa-d5d1-4552-9997-cd25b7608be9,8abcf667-7be3-439f-97bb-3375a3de366c,audio,healthy eating
957,503bd384-9733-4739-81f5-561b2328f6d8,a4fd7920-9edf-4930-84bd-7a38b3bf9cec,GIF,food
958,7053e0be-7227-4a05-893f-4bbee34f0f1f,2ad548cd-a899-4992-972b-92cde9cea8f1,video,science
959,03344240-df23-421d-b0e3-4fac72fe6cd8,334e2fe8-6f2c-424c-8ed5-12c99f048722,video,fitness
960,16f8b629-5173-420f-9c8b-577313e9e128,600118fa-e6f4-4d74-aeb6-936abbbf38a1,video,healthy eating
961,24f994fa-51d4-4e5e-bdac-79de67e7afbb,4c0558bc-b0d9-44b0-8b70-5fc6acb6c362,video,food
962,b9b0dcaa-7b39-4b15-9f75-165ae7aac6b8,13f0db8a-152a-496f-a6e8-1ed6a90b8788,GIF,animals
963,e7baa303-bc5c-4990-b813-e16fc42342d3,7000ac2e-87a0-4e23-b342-5f150e03f9ef,audio,science
964,73a7ec8f-08e7-41c6-a995-51537ff8772a,583f2bde-886d-4cf3-a5c4-7cb60cd25df3,video,technology
965,f3e9785c-d4e0-4258-a876-4d58ddb38790,de1d478e-3552-4223-b039-d3086cc485ec,GIF,studying
966,bea01dba-56f4-4d26-82a1-9b13fb382d89,1545ddaf-2b75-4143-82fe-b88966aee4fb,photo,dogs
967,0bfa4a8c-78be-4f6e-888f-490c47d355ed,c5d04879-87bd-4950-9e63-334382ef53af,photo,dogs
968,02c9f76b-f9cc-48c5-aedf-73f37c637a71,6e9c7f30-264a-4aa0-b3ac-36e852d10906,photo,veganism
969,8fe92544-5c15-4f77-bc40-c6e4b7d13674,b143cd2b-20b1-4e9c-9bb7-cfb359b33d01,GIF,animals
970,c61b7ef6-d7ab-41fc-aebc-dc16f256957f,41cd692a-be3c-4acd-a2c8-184586bdc180,GIF,cooking
971,8e0f1d3e-b588-44de-a423-8224eb26aa99,f41d30f1-50c3-419c-a2d8-9043c7e568ca,audio,healthy eating
972,a1249a46-6362-4a73-a1e9-3b5d236cdd73,3455a646-398f-4b16-b19a-1371cdb2e048,GIF,studying
973,bc06bab7-dbf7-4d7a-81b4-9f76f2f0b87c,80fc5e28-17ac-4e79-b9df-0d500abbe8b5,GIF,culture
974,58b0f92a-76ae-4521-a223-2b117f4f4e70,3663e3e6-3d5c-4ed9-a6af-1e680ec5f34b,video,dogs
975,9c8f1389-d04e-4a55-a2f5-1612539b70a7,4edc3d1a-a7d9-4db6-89c3-f784d9954172,audio,technology
976,98d99f96-c8f9-4075-a3c8-f7aceb7e3bd2,8dda1a41-9e57-4944-bd36-18c0ac343b13,photo,technology
977,b23a874f-72fa-4abb-9ca5-941850c672bc,e8493c32-7f6f-4e57-a691-cf0df6f015c9,photo,healthy eating
978,26c02731-b5d8-4ad3-99a2-5e589e107937,1d8dfb6a-330c-4eb9-a603-364f207c6e57,video,studying
979,998194db-5706-4b01-9565-7c7e7d4ea5f5,acfcd174-178c-4af3-8118-5be702fb80cf,audio,cooking
980,54e29395-9eba-4945-abee-cad58cbab090,ad9f5c2f-aa30-4baf-b084-56b1a4b63b09,video,Science
981,cab37e79-0e76-4bd2-b6bd-2fc8bf66ca99,64b82ed5-80dc-4fbb-9dfc-d7e037684f0e,photo,animals
982,88e43f42-027e-4256-bab4-2d1c2b6f8f67,93dd80c0-4ff2-42ed-9949-1621b0a68c63,photo,education
983,a7849ef3-5930-4ba9-9cbe-e215811e713e,d9aab962-e964-4afd-83ee-abda0865da67,photo,studying
984,c13e7406-c610-4721-b80d-2b5ad533e90a,95258c36-5b6b-4591-85ee-0c43f503c1d5,GIF,cooking
985,a973290c-989a-44d2-afb9-9b4bf16cc17f,04e52602-e370-4a99-bfda-f0c1655058da,video,tennis
986,b2a20047-ac6f-4caa-90b1-fe735433e362,33c1cee6-ae56-4f8e-84fc-ee0a4b7bbf4c,photo,culture
987,a287c7ad-f5c8-4d87-940b-b7b24e2b42ac,4793cc6d-be60-42cc-bfd4-7ce8fd4d0eab,video,fitness
988,51199552-05ed-47e5-9c86-6177a406d928,fa16aabb-fac3-4310-b19c-ce7021eb825b,audio,fitness
989,b94d8643-4dd8-4f15-a58e-0c9b6691d01a,34e8add9-0206-47fd-a501-037b994650a2,GIF,healthy eating
990,2e32de07-dc79-4cdc-bf1d-bac90ba3fd85,ad4bd878-55e7-487c-a4db-470b23bbd832,video,studying
991,89cb4504-fccd-40f4-945e-410f74ee4735,a81378a5-58de-4631-b2b1-3eca765f68c6,photo,animals
992,67766c84-7d8d-46e2-b2e8-8b0f8dc27193,fb4654ff-ce23-4a77-b52a-50f8948b5664,photo,veganism
993,331fad49-0e33-4676-8e2d-51ec52e86625,5c433d28-dfb7-4456-a468-dc3705147ce0,audio,education
994,c54b49c4-b1f2-4641-8595-1cbd19937845,2ab641a8-6ad4-4d1a-8511-d87ff5346773,photo,science
995,b4cef9ef-627b-41d7-a051-5961b0204ebb,5b62e10e-3c19-4d28-a57c-e9bdc3d6758d,video,public speaking
996,7a79f4e4-3b7d-44dc-bdef-bc990740252c,4fe420fa-a193-4408-bd5d-62a020233609,GIF,technology
997,435007a5-6261-4d8b-b0a4-55fdc189754b,35d6a1f3-e358-4d4b-8074-05f3b7f35c2a,audio,veganism
998,4e4c9690-c013-4ee7-9e66-943d8cbd27b7,b9bcd994-f000-4f6b-87fc-caae08acfaa1,GIF,culture
999,75d6b589-7fae-4a6d-b0d0-752845150e56,b8c653b5-0118-4d7e-9bde-07c2de90f0ff,audio,technology
